<?xml version="1.0" encoding="utf-8" standalone="yes" ?>
<rss version="2.0" xmlns:atom="http://www.w3.org/2005/Atom">
  <channel>
    <title>Posts on 100 years of credit expansion</title>
    <link>http://localhost:1313/mnt02/post/</link>
    <description>Recent content in Posts on 100 years of credit expansion</description>
    <generator>Hugo -- gohugo.io</generator>
    <language>en-us</language>
    <copyright>All rights reserved - 2015</copyright>
    <lastBuildDate>Sat, 18 Jul 2015 13:27:46 +0200</lastBuildDate>
    <atom:link href="http://localhost:1313/mnt02/post/index.xml" rel="self" type="application/rss+xml" />
    
    <item>
      <title>Credit</title>
      <link>http://localhost:1313/mnt02/post/credit/</link>
      <pubDate>Sat, 18 Jul 2015 13:27:46 +0200</pubDate>
      
      <guid>http://localhost:1313/mnt02/post/credit/</guid>
      <description>

&lt;p&gt;
    &lt;img src=&#34;http://localhost:1313/mnt02/img/money-rain-2.GIF&#34;  style=&#34;width:240px;float:left;margin: 20px 0px;margin-right:30px;&#34;

    
        alt=&#34;money rain&#34;
        title=&#34;money rain&#34;
     
    /&gt;

&lt;/p&gt;

&lt;p&gt;Hope and greed have always fueled binges of overvaluation.
In 1637 it was &lt;a href=&#34;https://en.wikipedia.org/wiki/Tulip_mania&#34;&gt;flower seeds&lt;/a&gt;. Would you trade three city houses for one flower seed? Of course not.&lt;/p&gt;

&lt;ul&gt;
&lt;li&gt;&lt;p&gt;But if these seeds had risen in value for 30 years?&lt;/p&gt;&lt;/li&gt;

&lt;li&gt;&lt;p&gt;If everybody around you was buying?&lt;/p&gt;&lt;/li&gt;

&lt;li&gt;&lt;p&gt;What if experts on TV would gravely remind you, that you need seeds for safety and retirement?&lt;/p&gt;&lt;/li&gt;
&lt;/ul&gt;

&lt;hr /&gt;

&lt;h1 id=&#34;modern-money-modern-credit-a-blank-cheque-for-collective-self-deception:51fd328cbea2d2469a020863451c08f0&#34;&gt;Modern money - modern credit: A blank cheque for collective self-deception&lt;/h1&gt;

&lt;p&gt;Credit can be extended for a mere hope of future gains.&lt;/p&gt;

&lt;p&gt;If enough people trust in these gains, valuations soar beyond earning power. Only scarcity and collective hope are required.&lt;/p&gt;

&lt;blockquote&gt;
&lt;p&gt;&lt;a href=&#34;https://en.wikipedia.org/wiki/Fortune_500&#34;&gt;Fortune 500 stocks&lt;/a&gt; are scarce by nature.
These &amp;ldquo;large capitalization&amp;rdquo; stocks soar most of the time.&lt;/p&gt;
&lt;/blockquote&gt;

&lt;p&gt;Politicians yield to collective desire.
Laws are passed, promising guarantees.&lt;/p&gt;

&lt;p&gt;Now the government does not only law and order, not just pharmaceutical safety or food safety.&lt;/p&gt;

&lt;p&gt;Now the government makes guarantees for pensions, health care, export financing, flood insurance.&lt;/p&gt;

&lt;p&gt;Then follows government funded education.&lt;/p&gt;

&lt;p&gt;Home construction subsidies.&lt;/p&gt;

&lt;p&gt;And finally: guaranteed bank deposits.&lt;/p&gt;

&lt;p&gt;Remember: Banking is a huge &lt;a href=&#34;http://www.ft.com/intl/cms/s/0/fed87d52-20c3-11e1-816d-00144feabdc0.html#axzz3jZuLJ9ZF&#34;&gt;confidence trick&lt;/a&gt;. People have been sceptical of banks and &amp;ldquo;money changers&amp;rdquo; for ages. But since the goverment now &amp;ldquo;regulates&amp;rdquo; banks and since every account it lawfully insured, nobody cares anymore.&lt;/p&gt;

&lt;p&gt;No bribes neccessary. A safe and reliable banking system is a huge benefit for the entire society. And nobody suffers from the laws.&lt;/p&gt;

&lt;p&gt;The expansion of all these industries is alleviated.&lt;/p&gt;

&lt;p&gt;The progressive era has begun.&lt;/p&gt;

&lt;p&gt;During the expansion time, everybody is happy.&lt;/p&gt;

&lt;p&gt;There are no losers.
Everybody benefits more or less.&lt;/p&gt;

&lt;p&gt;And marketing people think all day about how to expand the aforementioned businesses ever further, stoking your hopes and fears.
And media is spreading their ideas. The public is eager to hear them - people &lt;em&gt;want&lt;/em&gt; hope and &amp;ldquo;opportunity&amp;rdquo;.&lt;/p&gt;

&lt;p&gt;It is no conspiracy at all.
Huge parts of society benefit for decades.
Each person is a small wheel in a huge engine.&lt;/p&gt;

&lt;p&gt;A few people warn, but you have a family to feed.
You really want to stay a farm worker, when you can get a job at Citibank?&lt;/p&gt;

&lt;p&gt;And the prices only go up.&lt;/p&gt;

&lt;p&gt;A contest of fantasies emerges:&lt;/p&gt;

&lt;ul&gt;
&lt;li&gt;&lt;p&gt;&lt;a href=&#34;https://en.wikipedia.org/wiki/South_Sea_Company&#34;&gt;South sea kingdoms&lt;/a&gt;&lt;/p&gt;&lt;/li&gt;

&lt;li&gt;&lt;p&gt;&lt;a href=&#34;https://de.wikipedia.org/wiki/New_Economy&#34;&gt;&amp;ldquo;New&amp;rdquo; economies&lt;/a&gt;&lt;/p&gt;&lt;/li&gt;

&lt;li&gt;&lt;p&gt;&amp;ldquo;Green&amp;rdquo; energies&lt;/p&gt;&lt;/li&gt;

&lt;li&gt;&lt;p&gt;Buy your own house on credit - gain an eternal fortress in a frightening world&lt;/p&gt;&lt;/li&gt;

&lt;li&gt;&lt;p&gt;Send your children to ever higher schools, so they will rise to nobility&lt;/p&gt;&lt;/li&gt;

&lt;li&gt;&lt;p&gt;Save for retirement - and be rich at age 60&lt;/p&gt;&lt;/li&gt;

&lt;li&gt;&lt;p&gt;Buy health care insurance - and get lavish treatment&lt;/p&gt;&lt;/li&gt;
&lt;/ul&gt;

&lt;p&gt;And even darker schemes arise&lt;/p&gt;

&lt;ul&gt;
&lt;li&gt;Invade a weak neighbor and grow bananas there.&lt;/li&gt;
&lt;/ul&gt;

&lt;hr /&gt;

&lt;h1 id=&#34;an-unsettling-suspicion:51fd328cbea2d2469a020863451c08f0&#34;&gt;An unsettling suspicion&lt;/h1&gt;

&lt;p&gt;Modern money opens up all those opportunities. By &lt;strong&gt;creating credit&lt;/strong&gt; to finance them.&lt;/p&gt;

&lt;p&gt;Credit fuels valuations, giving rise to even more credit creation.&lt;/p&gt;

&lt;p&gt;And all this credit seems solid and reliable - backed by astronomical stock and real estate prices - sternly protected and guaranteed by the state.&lt;/p&gt;

&lt;p&gt;Check out &lt;a href=&#34;http://www.realtor.com/realestateandhomes-search/Detroit_MI&#34;&gt;Detroit real estate&lt;/a&gt; from time to time, to see what real estate is worth without hope for future gains. Consider that Detroit still has ~80.000 jobs in manufacturing. How many real jobs has your city?&lt;/p&gt;

&lt;p&gt;People want growth, progress, opportunity.
So if the marketing people run out of ideas, politicians do their part to bolster the hopes.&lt;/p&gt;

&lt;ul&gt;
&lt;li&gt;&lt;p&gt;Devising pension systems paid for by &lt;em&gt;future&lt;/em&gt; growth.&lt;/p&gt;&lt;/li&gt;

&lt;li&gt;&lt;p&gt;Extending school and university to everyone, being paid for by &lt;em&gt;future&lt;/em&gt; productivity.&lt;br&gt;
As side effect everyone will become a manager.&lt;/p&gt;&lt;/li&gt;

&lt;li&gt;&lt;p&gt;Subsidizing construction. Let&amp;rsquo;s built more luxury apartments for all those &lt;em&gt;future&lt;/em&gt; millionaires.&lt;/p&gt;&lt;/li&gt;

&lt;li&gt;&lt;p&gt;Decreeing that everyone gets a housing credit.&lt;/p&gt;&lt;/li&gt;

&lt;li&gt;&lt;p&gt;Subsidizing ever larger roads and airports, spending money on green energy, sports stadions - all paid for by &lt;em&gt;future&lt;/em&gt; revenues.&lt;/p&gt;&lt;/li&gt;

&lt;li&gt;&lt;p&gt;Make governments constantly spend 5 percent more then they collect. It will all be paid for by &lt;em&gt;future&lt;/em&gt; growth.&lt;/p&gt;&lt;/li&gt;

&lt;li&gt;&lt;p&gt;Sadly, the Euro has become an instrument of credit expansion too, by enabling poor countries to take on more credit, and by establishing &amp;ldquo;target&amp;rdquo; balances between the states, essentially creating even more credit.&lt;/p&gt;&lt;/li&gt;

&lt;li&gt;&lt;p&gt;Most desperate: Lowering interests to zero, so that nobody saves and everybody buys. Hopefully this will generate more &lt;em&gt;future&lt;/em&gt; income for everyone.&lt;/p&gt;&lt;/li&gt;
&lt;/ul&gt;

&lt;p&gt;Is this a conspiracy by &amp;ldquo;bankers&amp;rdquo; or &amp;ldquo;elites&amp;rdquo;?
No. It&amp;rsquo;s everybody&amp;rsquo;s wish!&lt;/p&gt;

&lt;p&gt;When unions demanded higher wages in the U.S., many suspected &amp;ldquo;communist infiltration&amp;rdquo;. But there is no conspiracy necessary for workers wanting more money.&lt;/p&gt;

&lt;p&gt;Similarly, there is no conspiracy of &amp;ldquo;world elites&amp;rdquo; driving the current financial system.&lt;/p&gt;

&lt;p&gt;Politicians, marketeers and bankers merely comply with what everybody wants.&lt;/p&gt;

&lt;p&gt;We all like the benefits of credit expansion.
There are no negatives during ascent.
It seemed to work for 75 years - why can&amp;rsquo;t it work any longer.&lt;/p&gt;

&lt;h1 id=&#34;how-long-does-it-last:51fd328cbea2d2469a020863451c08f0&#34;&gt;How long does it last&lt;/h1&gt;

&lt;p&gt;The rate of increase must rise, to ward off the collapse.
This is the mathematical rule of all pyramid schemes.&lt;/p&gt;

&lt;p&gt;Imagine these quaint old chain letter scams? All is well, as long as the hype grows exponentially - 10&amp;nbsp;percent - 25&amp;nbsp;percent - 80&amp;nbsp;percent.&lt;/p&gt;

&lt;p&gt;A constant 10&amp;nbsp;percent growth per year breaks the neck of the pyramid, because the large number of recent fools do no longer find enough bigger fools.&lt;/p&gt;

&lt;p&gt;Lets compare this with credit expansion reality:
Despite all the political intentions for stricter regulations, credit expansion has indeed grown.
Not even banks are crazy enough to fuel it anymore.
Thus, since 2008, governments have stepped in.&lt;/p&gt;

&lt;p&gt;Now governments force further credit expansion.
They have abolished interest payments.
Thus they can expand credit without limit.
Of course they conceal this.
And few people want to know the worrisome truth.&lt;/p&gt;

&lt;h2 id=&#34;we-are-all-dependent:51fd328cbea2d2469a020863451c08f0&#34;&gt;We are all dependent&lt;/h2&gt;

&lt;p&gt;
    &lt;img src=&#34;http://localhost:1313/mnt02/img/holding-house-of-cards.GIF&#34;  style=&#34;width:180px;float:left;margin: 20px 0px;margin-right:30px;&#34;

    
        alt=&#34;money rain&#34;
        title=&#34;money rain&#34;
     
    /&gt;

&lt;/p&gt;

&lt;p&gt;Currently all governments want the system to continue.
Even the Chinese support the dollar.&lt;/p&gt;

&lt;p&gt;I would do the same thing.
If I were German Chancellor or U.S. president or Chinese Prime Minister, I would secretly
try to patch up the system. Hoping the strain will somehow ease over time.
I would not want to go down in history as the person who caused a huge decline
in prices, a huge job loss, tossing billions into poverty.
So be gentle with these poor men and women.&lt;/p&gt;

&lt;p&gt;In former times, direct money creation fueled inflation of common goods.
Simbabwe is the most comical example.
&lt;a href=&#34;https://en.wikipedia.org/wiki/Hyperinflation_in_the_Weimar_Republic&#34;&gt;Germany 1924&lt;/a&gt; is the most striking example.&lt;/p&gt;

&lt;p&gt;But governments have been successful in keeping credit expansion targeted towards &amp;ldquo;rise-in-value&amp;rdquo; deals.
Access to credit is restricted to stock investors, bond owners, tech investors, real estate developers and large corporations. They swim in money.&lt;/p&gt;

&lt;p&gt;An even some real growth has resulted from this. Shale oil, smartphones, wireless internet, new drugs, new medical technology, bigscreen TVs, leaner fashion chains, moon-sized cruise ships, amazon and ebay - they all had some direct or indirect help from the overall credit expansion.
For instance amazon&amp;rsquo;s initial years of losses would have been impossible without getting lots of Wallstreet credit.&lt;/p&gt;

&lt;p&gt;But overall, the credit expansion has flowed into price rises of bonds, stocks and &lt;a href=&#34;http://www.zerohedge.com/news/2015-03-26/us-housing-bubble-one-chart-home-prices-outpace-wage-growth-131&#34;&gt;real estate&lt;/a&gt;.&lt;/p&gt;

&lt;p&gt;&lt;a href=&#34;http://www.economist.com&#34;&gt;The economist&lt;/a&gt; did a 2015 multimedia interview with a British researcher, who had found that 5 percent real growth was coupled with 15 percent of growth in real estate prices - not new construction - but merely swapping existing real estate. So he wondered, whether soaring real estate is a necessary companion of real growth.&lt;/p&gt;

&lt;p&gt;Can&amp;rsquo;t we have real growth without credit expansion?
The U.S. period of 1870 to 1910 is suggesting this. There were several speculative frenzies and bank crashes. But those were relatively small, quickly overcome - and the real economy grew at staggering pace. Money was not fully detached from underlying value. And money was not guaranteed by the state. The financial history of this period looks chaotic, but economic opportunity for the common man has never been so abundant.&lt;/p&gt;

&lt;hr /&gt;

&lt;p&gt;The current stoking of growth at the expense of soaring asset prices can go on, as long as the free market still functions for common goods:
For groceries and non-trophy real estate.&lt;/p&gt;

&lt;p&gt;So far, it does.
Commodities, ordinary real estate and cars are even going down in price.&lt;/p&gt;

&lt;p&gt;The common man is frightened, but the system still integrates him.
And he has nowhere to go. There are no immigration heavens.&lt;/p&gt;

&lt;p&gt;There are no investment heavens either.
Only commodity stocks and precious metals. Food, coffee and ammunition. Drugs too.
And soil.&lt;/p&gt;

&lt;p&gt;Some currently undergo a period of heavy decline.
You will have to keep them many years before they work out and perform.&lt;/p&gt;

&lt;p&gt;Reliance on goverment driven credit expansion will increase.
Reckless further credit creation will continue.
Look at Greece and Japan.
Any resistance was symbolic.
Not a single public figure dared to suggest to leave Greece really alone. To let it adjust its consumption to its real production level - to let its people become two thirds poorer. I would not say so either. There is nothing to win - and you make billions of enemies.&lt;/p&gt;

&lt;p&gt;The common man will become more and more frightened.
And he will have to fear more and more for his survival.&lt;/p&gt;

&lt;h2 id=&#34;what-will-break-the-system:51fd328cbea2d2469a020863451c08f0&#34;&gt;What will break the system&lt;/h2&gt;

&lt;p&gt;Some fear rising interest rates. But the last seven years prove, that interest rates can be kept down by central banks.&lt;/p&gt;

&lt;p&gt;The weakest point in our scenario are prices for government debt.
Pension funds are still required to buy government debt.
Huge investors still park their money in government debts.
And the central banks still buy government debt, propping its price.&lt;/p&gt;

&lt;p&gt;A sea change could come when investores shift out of government bonds and government money into real assets. The Chinese might already stealthily try to convert their U.S. treasuries into gold. And &lt;a href=&#34;http://www.economist.com/node/13692889&#34;&gt;governments and some investment companies buy farmland&lt;/a&gt; all over the world, though the commodity sector is suppressed.&lt;/p&gt;

&lt;p&gt;However, the large majority of investment institutions remain in the system. They still buy &lt;a href=&#34;http://www.treasury.gov/resource-center/data-chart-center/interest-rates/Pages/TextView.aspx?data=yield&#34;&gt;30-year treasury bills at three percent return&lt;/a&gt;. And they - correctly - rely on always being able to sell to the U.S. central bank - the &lt;a href=&#34;https://en.wikipedia.org/wiki/Federal_Reserve_System&#34;&gt;Federal Reserve&lt;/a&gt;. I would do the same. And I would hire two people for watching out and sell immediately when crises comes.&lt;/p&gt;

&lt;p&gt;Here is the most graphic example of how intelligent capitalists take advantage of credit expansion:&lt;/p&gt;

&lt;blockquote&gt;
&lt;p&gt;&lt;a href=&#34;https://en.wikipedia.org/wiki/Friedrich_Flick&#34;&gt;Friedrich Flick&lt;/a&gt;, the 11th child of a miner,
was Germany&amp;rsquo;s biggest steel and coal baron.
Throughout the First World War, Flick serenely parked his profits in government bonds.
Government bonds gave him tax breaks and the appearance of a good patriot,
who supported the German war effort.
Nobody in Germany dared to think, Germany would lose the war, nobody suspected it,
except for Friedrich Flick.
He sold all his bonds for 100 cents on the dollar - a mere
24 hours before Germany admitted defeat on November 11th 1918.
The point in time proves: He had been planning this.
All the other owners of German bonds,
and those who had purchased them from Flick, lost everything.
As he had anticipated the doom of German government bonds,
Flick anticipated the doom of German currency.
He took out loans in German marks, and bought real assets, Gold and Dollars.
After inflation struck, he settled his loans with one Penny.&lt;/p&gt;

&lt;p&gt;Flick was no genius. He had simply studied economic history.
And he did not indulge in wishful thinking.&lt;/p&gt;
&lt;/blockquote&gt;

&lt;p&gt;As Flick demonstrated, capitalists will support the current system as long as it benefits them.
Behind the scenes, they might covertly shift into real assets.&lt;/p&gt;

&lt;p&gt;There will be a slow and painful hollowing out of government debt and of government money.
The last decades of socialism are a good example.
Nobody gave a dime for government bonds of socialist states.&lt;/p&gt;

&lt;blockquote&gt;
&lt;p&gt;Venezuela pays over 20 percent for its bonds.&lt;/p&gt;
&lt;/blockquote&gt;

&lt;p&gt;Exchange rates were high.
Real production subsided more and more.&lt;/p&gt;

&lt;p&gt;Despite this, common people still had to work for their salary. And they still needed money to buy groceries.
But in the end, when &amp;ldquo;real money&amp;rdquo; took over, they got only a limited amount of their savings exchanged, while those who owned a house retained their wealth.&lt;/p&gt;

&lt;h3 id=&#34;not-yet:51fd328cbea2d2469a020863451c08f0&#34;&gt;Not yet&lt;/h3&gt;

&lt;p&gt;A real flight from money is nowhere to be seen.
The central bank still controls the interest rates.
And the central bank still successfully maintains the value of its goverment bonds.&lt;/p&gt;

&lt;p&gt;Both stunts hinge on the value of the U.S. Dollar.
It is the sole stabilizing anchor.&lt;/p&gt;

&lt;p&gt;Trust in the dollar holds our world together.
I am not the only one, who knows this.
Watch out for its defenders.
Look whether they are showing nervousness.&lt;/p&gt;

&lt;h1 id=&#34;contrary-image:51fd328cbea2d2469a020863451c08f0&#34;&gt;Contrary image&lt;/h1&gt;

&lt;p&gt;If you want to imagine a world without credit expansion, read the &amp;ldquo;libertarian essay&amp;rdquo; &lt;a href=&#34;http://www.abelard.org/e-f-russell.php&#34;&gt;And then there were none&lt;/a&gt; by Eric Frank Russell.
Not the greatest piece of literature, but it shows how happy our world would look like without credit expansion.&lt;/p&gt;

&lt;p&gt;Notice that the inhabitants of this planet have no great design for their lives, except to live peacefully with their families and to pursue their business.&lt;/p&gt;
</description>
    </item>
    
    <item>
      <title>Money and trade</title>
      <link>http://localhost:1313/mnt02/post/money-import-export/</link>
      <pubDate>Sat, 18 Jul 2015 13:27:46 +0200</pubDate>
      
      <guid>http://localhost:1313/mnt02/post/money-import-export/</guid>
      <description>

&lt;h1 id=&#34;trade:78ae3ece78dfdb4f9afd87095f993d7a&#34;&gt;Trade&lt;/h1&gt;

&lt;ul&gt;
&lt;li&gt;&lt;p&gt;You don&amp;rsquo;t consume much?&lt;/p&gt;&lt;/li&gt;

&lt;li&gt;&lt;p&gt;But you produce a lot?&lt;/p&gt;&lt;/li&gt;
&lt;/ul&gt;

&lt;p&gt;Then your wealth goes up.&lt;/p&gt;

&lt;p&gt;People will lend to you.&lt;/p&gt;

&lt;ul&gt;
&lt;li&gt;&lt;p&gt;Likewise a company.&lt;/p&gt;&lt;/li&gt;

&lt;li&gt;&lt;p&gt;Likewise a country.&lt;/p&gt;&lt;/li&gt;
&lt;/ul&gt;

&lt;p&gt;Powerful companies may break these rules for a while.&lt;/p&gt;

&lt;p&gt;Powerful countries may break these rules even for a long time.&lt;/p&gt;

&lt;p&gt;For 40 years now, the U.S. consumes more than it produces.
And people still lend money to the U.S.&lt;/p&gt;

&lt;p&gt;Some say, other nations are frightened by U.S. military power.
But this is not the reason why the world is still lending to the U.S.
Investors do it voluntarily.&lt;/p&gt;

&lt;p&gt;Whatever the reasons for this phenomenon - the consequence is undisputable:&lt;/p&gt;

&lt;p&gt;&lt;strong&gt;The valuation of money has become detached from the trade balance.&lt;/strong&gt;&lt;/p&gt;
</description>
    </item>
    
    <item>
      <title>Money origin</title>
      <link>http://localhost:1313/mnt02/post/the-origin-of-money/</link>
      <pubDate>Sat, 18 Jul 2015 13:27:46 +0200</pubDate>
      
      <guid>http://localhost:1313/mnt02/post/the-origin-of-money/</guid>
      <description>

&lt;h1 id=&#34;appreciated:7bfd72336a02633270799b57bf5016f4&#34;&gt;Appreciated&lt;/h1&gt;

&lt;p&gt;Money is among the most valued goods in a society.&lt;br /&gt;
 Money is easy to carry and transfer.&lt;br /&gt;
 It decays slowly or not at all.&lt;br /&gt;
 With money, we can store value for many years.&lt;/p&gt;

&lt;p&gt;Even dull people value money.&lt;br /&gt;
Animals have no interest in it.&lt;/p&gt;

&lt;h1 id=&#34;rise:7bfd72336a02633270799b57bf5016f4&#34;&gt;Rise&lt;/h1&gt;

&lt;p&gt;Money originally developed from valued, scarce goods.&lt;br /&gt;
Such as lifestock, jewelry, precious metals, stocks or bonds.&lt;/p&gt;

&lt;p&gt;A female friend was valued at 11 camels on her journey to Egypt in 1992.&lt;/p&gt;

&lt;h1 id=&#34;today:7bfd72336a02633270799b57bf5016f4&#34;&gt;Today&lt;/h1&gt;

&lt;p&gt;With the rise of banks and central banks, money has become detached from underlying commodities.&lt;/p&gt;

&lt;p&gt;Today, money is still valued for its buying power.&lt;/p&gt;

&lt;p&gt;The buying power is supported by tradition and consensus.&lt;/p&gt;

&lt;p&gt;In addition, it is enforced through stern laws and institutions.&lt;/p&gt;

&lt;ul&gt;
&lt;li&gt;&lt;p&gt;Central banks keep the money &amp;ldquo;restricted&amp;rdquo;.&lt;/p&gt;&lt;/li&gt;

&lt;li&gt;&lt;p&gt;Every earner must pay taxes in money.&lt;/p&gt;&lt;/li&gt;

&lt;li&gt;&lt;p&gt;Most commodities have become ever more cheaper and more abundant.&lt;br&gt;
Saving in &amp;ldquo;commodity money&amp;rdquo; yielded bad results.&lt;/p&gt;&lt;/li&gt;
&lt;/ul&gt;

&lt;p&gt;So we need modern money in every possible way.
And thus we value it more than ever.&lt;/p&gt;

&lt;p&gt;Even though we know, it&amp;rsquo;s artificial. Even though we sense, that there is no edible core.&lt;/p&gt;

&lt;p&gt;&lt;hr&gt;
&lt;h2&gt;See also&lt;/h2&gt;
&lt;a href=&#34;https://en.wikipedia.org/wiki/Labor_theory_of_value&#34;&gt;Labor theory of value&lt;/a&gt;&lt;br&gt;
&lt;a href=&#34;http://en.wikipedia.org/wiki/Paradox_of_value&#34;&gt;Paradox of value&lt;/a&gt;
&lt;/p&gt;
</description>
    </item>
    
    <item>
      <title>Value and buying power</title>
      <link>http://localhost:1313/mnt02/post/value-and-buying-power-demand-needs-both/</link>
      <pubDate>Sat, 18 Jul 2015 13:27:46 +0200</pubDate>
      
      <guid>http://localhost:1313/mnt02/post/value-and-buying-power-demand-needs-both/</guid>
      <description>

&lt;h1 id=&#34;valuation:c8a3ccfcd4220acf34ead00321ca5672&#34;&gt;Valuation&lt;/h1&gt;

&lt;p&gt;In the desert, we value water over everything.&lt;/p&gt;

&lt;p&gt;During famine, we value bread over everything.&lt;/p&gt;

&lt;p&gt;If we are poor, we value bread and water over everything.&lt;/p&gt;

&lt;p&gt;When we earn some money and can reach a supermarket,&lt;br /&gt;
we still value bread and water,&lt;br /&gt;
but our valuation rapidly &lt;em&gt;declines&lt;/em&gt;,&lt;br /&gt;
 as soon as we had our daily ratio.&lt;/p&gt;

&lt;p&gt;Instead, we value supporting our families, comfort, some savings. &lt;br /&gt;
If we have enough of those, we start to value goods that improve our social status.&lt;/p&gt;

&lt;h1 id=&#34;buying-power:c8a3ccfcd4220acf34ead00321ca5672&#34;&gt;Buying power&lt;/h1&gt;

&lt;p&gt;Our valuation alone means nothing.&lt;br /&gt;
 We must have something to offer, that is valued by others.&lt;/p&gt;

&lt;p&gt;Nobody will grow food,&lt;br /&gt;
 unless people &lt;em&gt;can&lt;/em&gt; offer something for it.&lt;/p&gt;

&lt;p&gt;During a depression, there is still valuation for food, but the buying power is lost. &lt;/p&gt;

&lt;p&gt;&lt;hr&gt;
&lt;h2&gt;See also&lt;/h2&gt;
&lt;a href=&#34;https://en.wikipedia.org/wiki/Labor_theory_of_value&#34;&gt;Labor theory of value&lt;/a&gt;&lt;br&gt;
&lt;a href=&#34;http://en.wikipedia.org/wiki/Paradox_of_value&#34;&gt;Paradox of value&lt;/a&gt;
&lt;/p&gt;
</description>
    </item>
    
    <item>
      <title>Production cost and scarcity</title>
      <link>http://localhost:1313/mnt02/post/production-cost-and-scarcity/</link>
      <pubDate>Sat, 18 Jul 2015 13:27:46 +0200</pubDate>
      
      <guid>http://localhost:1313/mnt02/post/production-cost-and-scarcity/</guid>
      <description>

&lt;h1 id=&#34;production-cost:e527324fd0fa808bbf300554e02728b3&#34;&gt;Production cost&lt;/h1&gt;

&lt;p&gt;No good will be produced, unless someone can pay at least production cost.
Valuation and buying power must surpass production cost.&lt;/p&gt;

&lt;p&gt;Production cost must include some compensation for those providing the equipment and for supervisors.&lt;/p&gt;

&lt;ul&gt;
&lt;li&gt;&lt;p&gt;It&amp;rsquo;s easy to overtax or threaten producers. But production will slump to North Korean levels.&lt;/p&gt;&lt;/li&gt;

&lt;li&gt;&lt;p&gt;In a state of laws, under free competition, producers will undercut themselves. The price will fall down to production cost. This point is widely seen as beneficial for everyone.&lt;/p&gt;&lt;/li&gt;

&lt;li&gt;&lt;p&gt;Capitalism and technology have lowered production cost for many things.&lt;/p&gt;&lt;/li&gt;
&lt;/ul&gt;

&lt;h1 id=&#34;scarcity:e527324fd0fa808bbf300554e02728b3&#34;&gt;Scarcity&lt;/h1&gt;

&lt;p&gt;On top of production cost may be a scarcity premium.&lt;/p&gt;

&lt;p&gt;A limited supply will result in bidding up of price, according to buying power and valuation of bidders, until all advantageous exchanges are exhausted.&lt;/p&gt;

&lt;p&gt;Some scarcity is temporary, like crop failures.&lt;br /&gt;
 Other scarcity might be substantial&amp;hellip;&lt;/p&gt;

&lt;ul&gt;
&lt;li&gt;Phosphate fertilizer&lt;/li&gt;
&lt;li&gt;Oil&lt;/li&gt;
&lt;li&gt;Gold&lt;/li&gt;
&lt;/ul&gt;

&lt;p&gt;or inherent&amp;hellip;&lt;/p&gt;

&lt;ul&gt;
&lt;li&gt;Celebrities&lt;/li&gt;
&lt;li&gt;Rembrandt paintings&lt;/li&gt;
&lt;li&gt;World-record holders&lt;/li&gt;
&lt;li&gt;City centre apartments&lt;/li&gt;
&lt;/ul&gt;

&lt;p&gt;Scarcity &lt;em&gt;can&lt;/em&gt; raise the price far above production costs.&lt;/p&gt;

&lt;p&gt;&lt;hr&gt;
&lt;h2&gt;See also&lt;/h2&gt;
&lt;a href=&#34;https://en.wikipedia.org/wiki/Labor_theory_of_value&#34;&gt;Labor theory of value&lt;/a&gt;&lt;br&gt;
&lt;a href=&#34;http://en.wikipedia.org/wiki/Paradox_of_value&#34;&gt;Paradox of value&lt;/a&gt;
&lt;/p&gt;
</description>
    </item>
    
    <item>
      <title>Earning power</title>
      <link>http://localhost:1313/mnt02/post/earning-power/</link>
      <pubDate>Sat, 18 Jul 2015 13:27:46 +0200</pubDate>
      
      <guid>http://localhost:1313/mnt02/post/earning-power/</guid>
      <description>&lt;ul&gt;
&lt;li&gt;&lt;p&gt;A fisherman&amp;rsquo;s boat and a fisherman&amp;rsquo;s net might be valued beyond production cost and beyond scarcity.&lt;/p&gt;&lt;/li&gt;

&lt;li&gt;&lt;p&gt;A house might be valued for it&amp;rsquo;s rental income&lt;/p&gt;&lt;/li&gt;
&lt;/ul&gt;

&lt;p&gt;These goods are valued for their capacity to create other valued goods, like fish or a safe housing place.&lt;/p&gt;

&lt;p&gt;A movie start is valued for his capacity to lure people into buying movies. The salaries of actors are determined by scarcity and earning power.&lt;/p&gt;
</description>
    </item>
    
  </channel>
</rss>