<?xml version="1.0" encoding="utf-8" standalone="yes" ?>
<rss version="2.0" xmlns:atom="http://www.w3.org/2005/Atom">
  <channel>
    <title>Parallels on 100 years of credit expansion</title>
    <link>http://localhost:1313/mnt02/parallel/</link>
    <description>Recent content in Parallels on 100 years of credit expansion</description>
    <generator>Hugo -- gohugo.io</generator>
    <language>en-us</language>
    <copyright>All rights reserved - 2015</copyright>
    <lastBuildDate>Sat, 18 Jul 2015 13:27:46 +0200</lastBuildDate>
    <atom:link href="http://localhost:1313/mnt02/parallel/index.xml" rel="self" type="application/rss+xml" />
    
    <item>
      <title>Aufblühen der Geheimdienste</title>
      <link>http://localhost:1313/mnt02/aufbluehen-der-geheimdienste</link>
      <pubDate>Sat, 18 Jul 2015 13:27:46 +0200</pubDate>
      
      <guid>http://localhost:1313/mnt02/aufbluehen-der-geheimdienste</guid>
      <description></description>
    </item>
    
  </channel>
</rss>