<?xml version="1.0" encoding="utf-8" standalone="yes" ?>
<rss version="2.0" xmlns:atom="http://www.w3.org/2005/Atom">
  <channel>
    <title>Pages on 100 years of credit expansion</title>
    <link>http://localhost:1313/mnt02/page/</link>
    <description>Recent content in Pages on 100 years of credit expansion</description>
    <generator>Hugo -- gohugo.io</generator>
    <language>en-us</language>
    <copyright>All rights reserved - 2015</copyright>
    <lastBuildDate>Sun, 19 Jul 2015 02:12:00 +0200</lastBuildDate>
    <atom:link href="http://localhost:1313/mnt02/page/index.xml" rel="self" type="application/rss+xml" />
    
    <item>
      <title>About</title>
      <link>http://localhost:1313/mnt02/page/about/</link>
      <pubDate>Sun, 19 Jul 2015 02:12:00 +0200</pubDate>
      
      <guid>http://localhost:1313/mnt02/page/about/</guid>
      <description>&lt;p&gt;There is nothing worth to say.&lt;/p&gt;
</description>
    </item>
    
  </channel>
</rss>