<?xml version="1.0" encoding="utf-8" standalone="yes" ?>
<rss version="2.0" xmlns:atom="http://www.w3.org/2005/Atom">
  <channel>
    <title>Mother-And-Sons on 100 years of credit expansion</title>
    <link>http://localhost:1313/mnt02/mother-and-son/</link>
    <description>Recent content in Mother-And-Sons on 100 years of credit expansion</description>
    <generator>Hugo -- gohugo.io</generator>
    <language>en-us</language>
    <copyright>All rights reserved - 2015</copyright>
    <lastBuildDate>Mon, 13 Jul 2015 13:27:46 +0200</lastBuildDate>
    <atom:link href="http://localhost:1313/mnt02/mother-and-son/index.xml" rel="self" type="application/rss+xml" />
    
    <item>
      <title>Die unvergesslich schönen Seiten</title>
      <link>http://localhost:1313/mnt02/mother-and-son/unvergesslich-schoene-anlaesse</link>
      <pubDate>Mon, 13 Jul 2015 13:27:46 +0200</pubDate>
      
      <guid>http://localhost:1313/mnt02/mother-and-son/unvergesslich-schoene-anlaesse</guid>
      <description>&lt;ul&gt;
&lt;li&gt;&lt;p&gt;Die Mutter verlor die Angst, wenn der Sohn krank war.&lt;/p&gt;&lt;/li&gt;

&lt;li&gt;&lt;p&gt;Als der Sohn im Urlaub einen Durchfall bekommen hatte, reinigte sie das Bett. Es war ihr nicht peinlich vor der Wirtin. Sie schien die Situation zu genießen.
Noch auf der Rückfahrt war sie ungewöhnlich liebevoll. Denn der Sohn war abhängig von ihr und konnte sie nicht verachten oder verlassen.&lt;/p&gt;&lt;/li&gt;

&lt;li&gt;&lt;p&gt;Noch in der neunten Klasse kümmerte sie sich um den Sohn als er krank wurde. Jene Krankheit, als der Klassenkamerad Mathias K. den Sohn besuchen kam. Jene Woche war ein später Höhepunkt der Verbundenheit.&lt;/p&gt;&lt;/li&gt;

&lt;li&gt;&lt;p&gt;Die Fahrten nach Potsdam, nach Zeuthen und auch nach Teltow blieben bis zum Ende kurze Momente des Glücks.&lt;/p&gt;&lt;/li&gt;

&lt;li&gt;&lt;p&gt;Wie sehr der Sohn es liebte, wenn die Mutter ihn zum Wohnheim brachte.&lt;/p&gt;&lt;/li&gt;
&lt;/ul&gt;
</description>
    </item>
    
    <item>
      <title>Der Realitätssinn der Mutter</title>
      <link>http://localhost:1313/mnt02/mother-and-son/realitaetssinn-der-mutter</link>
      <pubDate>Thu, 18 Jun 2015 13:27:46 +0200</pubDate>
      
      <guid>http://localhost:1313/mnt02/mother-and-son/realitaetssinn-der-mutter</guid>
      <description>

&lt;h1 id=&#34;einbrüche-der-wirklichkeit:aa10b5b2f5b78a7455b8742c3487b3b7&#34;&gt;Einbrüche der Wirklichkeit&lt;/h1&gt;

&lt;p&gt;Der Sohn liebte die Kinderwelt-Inszenierungen und wollte sie fortführen.&lt;/p&gt;

&lt;p&gt;Aber das wollte die Mutter nicht.&lt;/p&gt;

&lt;p&gt;Sie griff seine Hoffnungen an.&lt;/p&gt;

&lt;ul&gt;
&lt;li&gt;&lt;p&gt;Du wirst immer für einen bösen Vorgesetzten arbeiten müssen.&lt;/p&gt;&lt;/li&gt;

&lt;li&gt;&lt;p&gt;Für ein bisschen Aufmerksamkeit erzählen die Menschen alle denkbaren Lügen.&lt;/p&gt;&lt;/li&gt;

&lt;li&gt;&lt;p&gt;Die alte Frau D. hat die Tochter immer als etwas Besonderes erzogen. Sie ist aber nichts Besonderes.&lt;/p&gt;&lt;/li&gt;

&lt;li&gt;&lt;p&gt;Die Freundin U. wollte immer die Frau-von-Welt sein, aber sie ist provinziell.&lt;/p&gt;&lt;/li&gt;

&lt;li&gt;&lt;p&gt;Das Fernsehen stellt die DDR Bürger als gutgläubige Trottel dar. Das ist lächerlich.&lt;/p&gt;&lt;/li&gt;

&lt;li&gt;&lt;p&gt;&amp;ldquo;Ewige Gerechtigkeit des Volkes&amp;rdquo; gibt es nicht.&lt;/p&gt;&lt;/li&gt;

&lt;li&gt;&lt;p&gt;Ich war mit Freundin E. im Tanzlokal. Für die Männer waren wir &amp;ldquo;die Alten&amp;rdquo;.&lt;/p&gt;&lt;/li&gt;

&lt;li&gt;&lt;p&gt;Es gibt in jeder Familie Missbrauch. Psychologen sind nur die einzigen die darüber sprechen.&lt;/p&gt;&lt;/li&gt;

&lt;li&gt;&lt;p&gt;&amp;ldquo;Die will, dass der sie heiratet&amp;rdquo;, sagte sie über das Pärchen am Nebentisch.&lt;/p&gt;&lt;/li&gt;

&lt;li&gt;&lt;p&gt;&amp;ldquo;So suchen sich Frauen die Männer aus&amp;rdquo;, kommentierte sie den Film &lt;a href=&#34;http://www.amazon.de/dp/B002LEZ2M4&#34;&gt;Legende von Paul und Paula&lt;/a&gt;.&lt;/p&gt;&lt;/li&gt;

&lt;li&gt;&lt;p&gt;In einem Anfall von Selbsthass sagte sie einmal: Ich bin eine Hexe, die Dich gegen den Vater aufhetzt.&lt;/p&gt;&lt;/li&gt;
&lt;/ul&gt;

&lt;p&gt;Hier zeigte sich, dass die Mutter umfassende Erfahrungen mit der Wirklichkeit hatte.&lt;/p&gt;

&lt;p&gt;Der Sohn hörte diese Worte mit Unglauben und Fassungslosigkeit. Sie standen im Gegensatz zu allem, was die Mutter predigte und vorlebte. Er konnte nicht glauben, dass die genannten Einschätzungen auch nur annähernd richtig waren. Tausend gute Menschen würden das verhindern.&lt;/p&gt;

&lt;p&gt;Die Mutter hielt die Wirklichkeit vom Kind fern.
Das Kind sollte solange es ging unschuldig bleiben.
Sie nutzte das Kind, um einen infantilen Rückzugsraum zu behalten.&lt;/p&gt;

&lt;p&gt;Sie bereitete das Kind in keinster Weise auf die Wirklichkeit vor.
&amp;ldquo;Später wirst Du selber sehen &amp;hellip;&amp;rdquo; sagte sie in den letzten Jahren gelegentlich. Sie kannte und förderte also die Gutgläubigkeit des Kindes.&lt;/p&gt;

&lt;p&gt;Sie hielt das Kind in verwöhnter Dummheit, damit sie ihr kleines Familien-Königreich behielt.&lt;/p&gt;

&lt;p&gt;Das Kind erhielt allerdings eine gute formale Bildung und Kunsterziehung. Nur menschlich wurde es dumm gehalten.&lt;/p&gt;
</description>
    </item>
    
    <item>
      <title>Die kindliche Welt der Mutter</title>
      <link>http://localhost:1313/mnt02/mother-and-son/kindliche-welt-der-mutter</link>
      <pubDate>Mon, 18 May 2015 13:27:46 +0200</pubDate>
      
      <guid>http://localhost:1313/mnt02/mother-and-son/kindliche-welt-der-mutter</guid>
      <description>&lt;ul&gt;
&lt;li&gt;&lt;p&gt;Die Mutter bevorzugte verlorene gebrechliche Menschen.&lt;/p&gt;&lt;/li&gt;

&lt;li&gt;&lt;p&gt;Homosexuelle akzeptierten sie sofort als Ersatzmutter. Sie wusste das und nutzte es aus.&lt;/p&gt;&lt;/li&gt;

&lt;li&gt;&lt;p&gt;Die Mutter empfand mütterliche Sympathie für den stotternden Fensterputzer, der sich eine &amp;ldquo;Fa-fa-familie&amp;rdquo; wünschte.&lt;/p&gt;&lt;/li&gt;

&lt;li&gt;&lt;p&gt;Am intensivsten genoß sie die Nähe zu Kindern.&lt;/p&gt;&lt;/li&gt;

&lt;li&gt;&lt;p&gt;Als vierjähriger Junge entbrannte ich in innigster Liebe zu meiner Skilehrerin Dana in &lt;a href=&#34;https://de.wikipedia.org/wiki/%C5%A0pindler%C5%AFv_Ml%C3%BDn&#34;&gt;Špindlerův Mlýn&lt;/a&gt;. Die Mutter übernahm bereitwillig die Rolle der Kupplerin. Sie überbrachte Dana die Botschaft und kehrte mit einer Brieffreundschaft-Zusage zurück. Dana wollte mir Kaugummi-Bilder schicken. Das hatte die Mutter erbeten.
In allen folgenden Jahren suchte ich Dana in der Skischule - aber ich sah sie nie wieder.&lt;/p&gt;&lt;/li&gt;

&lt;li&gt;&lt;p&gt;Die Mutter erkannte sich selber in jenem vertrauensvollen Mädchen aus der Gastfamilie in &lt;a href=&#34;https://de.wikipedia.org/wiki/Sochumi&#34;&gt;Suchumi&lt;/a&gt; wieder, das mit uns zum Strand gehen wollte. &amp;ldquo;Hoffentlich geschieht ihr nichts Schlimmes.&amp;rdquo; - &amp;ldquo;Was soll ihr denn geschehen?&amp;rdquo; - Schweigen, Verdrängen.&lt;/p&gt;&lt;/li&gt;

&lt;li&gt;&lt;p&gt;Sie war tief gerührt von den Ballett-Töchtern des Polizeichefs von &lt;a href=&#34;https://de.wikipedia.org/wiki/Bakuriani&#34;&gt;Bakuriani&lt;/a&gt;. Die krebskranke fünfzigjährige Frau schwärmte von einem intensiven Briefwechsel mit den zwölfjährigen Mädchen - aber sie führte ihn nicht aus.&lt;/p&gt;&lt;/li&gt;

&lt;li&gt;&lt;p&gt;Die Mutter versuchte stets, auf Klassenfahrten mitgenommen zu werden - und dort die Pfadfinder Leiterin zu sein.&lt;/p&gt;&lt;/li&gt;

&lt;li&gt;&lt;p&gt;Sie fürchtete die Wirklichkeit, die Erwachsenenwelt.&lt;/p&gt;&lt;/li&gt;

&lt;li&gt;&lt;p&gt;Wenn sie sich mit der Wirklichkeit befassen musste, dann suchte sie die Protektion von dicken, resignierten Männern, die in ihr das Mütterliche suchten.
Meine Mutter fütterte sie an, nutzte sie aus, und ließ sie dann hängen. Für meine Mutter waren das einflussreiche Wohltäter. Für meine Mutter waren diese Männer der Beleg dafür, dass die Welt gütig war, wenn man nur höflich fragte.
So gelangte ich an eine Chorschule, so gelangten der Bruder und ich zu einem Ausbildungsplatz, so wurde mir eine Wohnung zugewiesen, so bekam ich einen Druckposten bei der Artillerie.&lt;/p&gt;&lt;/li&gt;

&lt;li&gt;&lt;p&gt;Auch ihre Wohnung war ein Rückzugsraum. Voller naiver Kunst. Voller Bücher von humanistischen Schriftstellern. Voller Hoffnung auf das Gute im Menschen.&lt;/p&gt;&lt;/li&gt;

&lt;li&gt;&lt;p&gt;Zuerst arrangierte sie dort Feste mit ihren Verehrern. Später Weihnachtsfeiern mit zahlreichen Familienmitgliedern und Tonnen von Geschenken und exklusivem Essen.&lt;/p&gt;&lt;/li&gt;

&lt;li&gt;&lt;p&gt;Am liebsten arrangierte sie Besuche. Einmal brachte sie mich zu Verwandten des Vaters. Sie umschmeichelte eine Base des Vaters. Als mütterliche Frau Doktor aus der Stadt machte man gern ihre Bekanntschaft. Zum Abschied erhielten wir Äpfel.&lt;/p&gt;&lt;/li&gt;

&lt;li&gt;&lt;p&gt;Meine Kindheit enthielt hunderte solcher Bekanntschaften und Besuche.&lt;/p&gt;&lt;/li&gt;
&lt;/ul&gt;
</description>
    </item>
    
  </channel>
</rss>