<?xml version="1.0" encoding="utf-8" standalone="yes" ?>
<rss version="2.0" xmlns:atom="http://www.w3.org/2005/Atom">
  <channel>
    <title>Demand on 100 years of credit expansion</title>
    <link>http://localhost:1313/mnt02/tags/demand/</link>
    <description>Recent content in Demand on 100 years of credit expansion</description>
    <generator>Hugo -- gohugo.io</generator>
    <language>en-us</language>
    <copyright>All rights reserved - 2015</copyright>
    <lastBuildDate>Sat, 18 Jul 2015 13:27:46 +0200</lastBuildDate>
    <atom:link href="http://localhost:1313/mnt02/tags/demand/index.xml" rel="self" type="application/rss+xml" />
    
    <item>
      <title>Value and buying power</title>
      <link>http://localhost:1313/mnt02/post/value-and-buying-power-demand-needs-both/</link>
      <pubDate>Sat, 18 Jul 2015 13:27:46 +0200</pubDate>
      
      <guid>http://localhost:1313/mnt02/post/value-and-buying-power-demand-needs-both/</guid>
      <description>

&lt;h1 id=&#34;valuation:c8a3ccfcd4220acf34ead00321ca5672&#34;&gt;Valuation&lt;/h1&gt;

&lt;p&gt;In the desert, we value water over everything.&lt;/p&gt;

&lt;p&gt;During famine, we value bread over everything.&lt;/p&gt;

&lt;p&gt;If we are poor, we value bread and water over everything.&lt;/p&gt;

&lt;p&gt;When we earn some money and can reach a supermarket,&lt;br /&gt;
we still value bread and water,&lt;br /&gt;
but our valuation rapidly &lt;em&gt;declines&lt;/em&gt;,&lt;br /&gt;
 as soon as we had our daily ratio.&lt;/p&gt;

&lt;p&gt;Instead, we value supporting our families, comfort, some savings. &lt;br /&gt;
If we have enough of those, we start to value goods that improve our social status.&lt;/p&gt;

&lt;h1 id=&#34;buying-power:c8a3ccfcd4220acf34ead00321ca5672&#34;&gt;Buying power&lt;/h1&gt;

&lt;p&gt;Our valuation alone means nothing.&lt;br /&gt;
 We must have something to offer, that is valued by others.&lt;/p&gt;

&lt;p&gt;Nobody will grow food,&lt;br /&gt;
 unless people &lt;em&gt;can&lt;/em&gt; offer something for it.&lt;/p&gt;

&lt;p&gt;During a depression, there is still valuation for food, but the buying power is lost. &lt;/p&gt;

&lt;p&gt;&lt;hr&gt;
&lt;h2&gt;See also&lt;/h2&gt;
&lt;a href=&#34;https://en.wikipedia.org/wiki/Labor_theory_of_value&#34;&gt;Labor theory of value&lt;/a&gt;&lt;br&gt;
&lt;a href=&#34;http://en.wikipedia.org/wiki/Paradox_of_value&#34;&gt;Paradox of value&lt;/a&gt;
&lt;/p&gt;
</description>
    </item>
    
  </channel>
</rss>