<?xml version="1.0" encoding="utf-8" standalone="yes" ?>
<rss version="2.0" xmlns:atom="http://www.w3.org/2005/Atom">
  <channel>
    <title>Supply on 100 years of credit expansion</title>
    <link>http://localhost:1313/mnt02/tags/supply/</link>
    <description>Recent content in Supply on 100 years of credit expansion</description>
    <generator>Hugo -- gohugo.io</generator>
    <language>en-us</language>
    <copyright>All rights reserved - 2015</copyright>
    <lastBuildDate>Sat, 18 Jul 2015 13:27:46 +0200</lastBuildDate>
    <atom:link href="http://localhost:1313/mnt02/tags/supply/index.xml" rel="self" type="application/rss+xml" />
    
    <item>
      <title>Money origin</title>
      <link>http://localhost:1313/mnt02/post/the-origin-of-money/</link>
      <pubDate>Sat, 18 Jul 2015 13:27:46 +0200</pubDate>
      
      <guid>http://localhost:1313/mnt02/post/the-origin-of-money/</guid>
      <description>

&lt;h1 id=&#34;appreciated:7bfd72336a02633270799b57bf5016f4&#34;&gt;Appreciated&lt;/h1&gt;

&lt;p&gt;Money is among the most valued goods in a society.&lt;br /&gt;
 Money is easy to carry and transfer.&lt;br /&gt;
 It decays slowly or not at all.&lt;br /&gt;
 With money, we can store value for many years.&lt;/p&gt;

&lt;p&gt;Even dull people value money.&lt;br /&gt;
Animals have no interest in it.&lt;/p&gt;

&lt;h1 id=&#34;rise:7bfd72336a02633270799b57bf5016f4&#34;&gt;Rise&lt;/h1&gt;

&lt;p&gt;Money originally developed from valued, scarce goods.&lt;br /&gt;
Such as lifestock, jewelry, precious metals, stocks or bonds.&lt;/p&gt;

&lt;p&gt;A female friend was valued at 11 camels on her journey to Egypt in 1992.&lt;/p&gt;

&lt;h1 id=&#34;today:7bfd72336a02633270799b57bf5016f4&#34;&gt;Today&lt;/h1&gt;

&lt;p&gt;With the rise of banks and central banks, money has become detached from underlying commodities.&lt;/p&gt;

&lt;p&gt;Today, money is still valued for its buying power.&lt;/p&gt;

&lt;p&gt;The buying power is supported by tradition and consensus.&lt;/p&gt;

&lt;p&gt;In addition, it is enforced through stern laws and institutions.&lt;/p&gt;

&lt;ul&gt;
&lt;li&gt;&lt;p&gt;Central banks keep the money &amp;ldquo;restricted&amp;rdquo;.&lt;/p&gt;&lt;/li&gt;

&lt;li&gt;&lt;p&gt;Every earner must pay taxes in money.&lt;/p&gt;&lt;/li&gt;

&lt;li&gt;&lt;p&gt;Most commodities have become ever more cheaper and more abundant.&lt;br&gt;
Saving in &amp;ldquo;commodity money&amp;rdquo; yielded bad results.&lt;/p&gt;&lt;/li&gt;
&lt;/ul&gt;

&lt;p&gt;So we need modern money in every possible way.
And thus we value it more than ever.&lt;/p&gt;

&lt;p&gt;Even though we know, it&amp;rsquo;s artificial. Even though we sense, that there is no edible core.&lt;/p&gt;

&lt;p&gt;&lt;hr&gt;
&lt;h2&gt;See also&lt;/h2&gt;
&lt;a href=&#34;https://en.wikipedia.org/wiki/Labor_theory_of_value&#34;&gt;Labor theory of value&lt;/a&gt;&lt;br&gt;
&lt;a href=&#34;http://en.wikipedia.org/wiki/Paradox_of_value&#34;&gt;Paradox of value&lt;/a&gt;
&lt;/p&gt;
</description>
    </item>
    
    <item>
      <title>Production cost and scarcity</title>
      <link>http://localhost:1313/mnt02/post/production-cost-and-scarcity/</link>
      <pubDate>Sat, 18 Jul 2015 13:27:46 +0200</pubDate>
      
      <guid>http://localhost:1313/mnt02/post/production-cost-and-scarcity/</guid>
      <description>

&lt;h1 id=&#34;production-cost:e527324fd0fa808bbf300554e02728b3&#34;&gt;Production cost&lt;/h1&gt;

&lt;p&gt;No good will be produced, unless someone can pay at least production cost.
Valuation and buying power must surpass production cost.&lt;/p&gt;

&lt;p&gt;Production cost must include some compensation for those providing the equipment and for supervisors.&lt;/p&gt;

&lt;ul&gt;
&lt;li&gt;&lt;p&gt;It&amp;rsquo;s easy to overtax or threaten producers. But production will slump to North Korean levels.&lt;/p&gt;&lt;/li&gt;

&lt;li&gt;&lt;p&gt;In a state of laws, under free competition, producers will undercut themselves. The price will fall down to production cost. This point is widely seen as beneficial for everyone.&lt;/p&gt;&lt;/li&gt;

&lt;li&gt;&lt;p&gt;Capitalism and technology have lowered production cost for many things.&lt;/p&gt;&lt;/li&gt;
&lt;/ul&gt;

&lt;h1 id=&#34;scarcity:e527324fd0fa808bbf300554e02728b3&#34;&gt;Scarcity&lt;/h1&gt;

&lt;p&gt;On top of production cost may be a scarcity premium.&lt;/p&gt;

&lt;p&gt;A limited supply will result in bidding up of price, according to buying power and valuation of bidders, until all advantageous exchanges are exhausted.&lt;/p&gt;

&lt;p&gt;Some scarcity is temporary, like crop failures.&lt;br /&gt;
 Other scarcity might be substantial&amp;hellip;&lt;/p&gt;

&lt;ul&gt;
&lt;li&gt;Phosphate fertilizer&lt;/li&gt;
&lt;li&gt;Oil&lt;/li&gt;
&lt;li&gt;Gold&lt;/li&gt;
&lt;/ul&gt;

&lt;p&gt;or inherent&amp;hellip;&lt;/p&gt;

&lt;ul&gt;
&lt;li&gt;Celebrities&lt;/li&gt;
&lt;li&gt;Rembrandt paintings&lt;/li&gt;
&lt;li&gt;World-record holders&lt;/li&gt;
&lt;li&gt;City centre apartments&lt;/li&gt;
&lt;/ul&gt;

&lt;p&gt;Scarcity &lt;em&gt;can&lt;/em&gt; raise the price far above production costs.&lt;/p&gt;

&lt;p&gt;&lt;hr&gt;
&lt;h2&gt;See also&lt;/h2&gt;
&lt;a href=&#34;https://en.wikipedia.org/wiki/Labor_theory_of_value&#34;&gt;Labor theory of value&lt;/a&gt;&lt;br&gt;
&lt;a href=&#34;http://en.wikipedia.org/wiki/Paradox_of_value&#34;&gt;Paradox of value&lt;/a&gt;
&lt;/p&gt;
</description>
    </item>
    
  </channel>
</rss>