<?xml version="1.0" encoding="utf-8" standalone="yes" ?>
<rss version="2.0" xmlns:atom="http://www.w3.org/2005/Atom">
  <channel>
    <title>100 years of credit expansion</title>
    <link>http://localhost:1313/mnt02/</link>
    <description>Recent content on 100 years of credit expansion</description>
    <generator>Hugo -- gohugo.io</generator>
    <language>en-us</language>
    <copyright>All rights reserved - 2015</copyright>
    <lastBuildDate>Mon, 18 May 2015 13:27:46 +0200</lastBuildDate>
    <atom:link href="http://localhost:1313/mnt02/index.xml" rel="self" type="application/rss+xml" />
    
    <item>
      <title>Die kindliche Welt der Mutter</title>
      <link>http://localhost:1313/mnt02/mother-and-son/kindliche-welt-der-mutter</link>
      <pubDate>Mon, 18 May 2015 13:27:46 +0200</pubDate>
      
      <guid>http://localhost:1313/mnt02/mother-and-son/kindliche-welt-der-mutter</guid>
      <description>&lt;ul&gt;
&lt;li&gt;&lt;p&gt;Die Mutter bevorzugte verlorene gebrechliche Menschen.&lt;/p&gt;&lt;/li&gt;

&lt;li&gt;&lt;p&gt;Homosexuelle akzeptierten sie sofort als Ersatzmutter. Sie wusste das und nutzte es aus.&lt;/p&gt;&lt;/li&gt;

&lt;li&gt;&lt;p&gt;Die Mutter empfand mütterliche Sympathie für den stotternden Fensterputzer, der sich eine &amp;ldquo;Fa-fa-familie&amp;rdquo; wünschte.&lt;/p&gt;&lt;/li&gt;

&lt;li&gt;&lt;p&gt;Am intensivsten genoß sie die Nähe zu Kindern.&lt;/p&gt;&lt;/li&gt;

&lt;li&gt;&lt;p&gt;Als vierjähriger Junge entbrannte ich in innigster Liebe zu meiner Skilehrerin Dana in &lt;a href=&#34;https://de.wikipedia.org/wiki/%C5%A0pindler%C5%AFv_Ml%C3%BDn&#34;&gt;Špindlerův Mlýn&lt;/a&gt;. Die Mutter übernahm bereitwillig die Rolle der Kupplerin. Sie überbrachte Dana die Botschaft und kehrte mit einer Brieffreundschaft-Zusage zurück. Dana wollte mir Kaugummi-Bilder schicken. Das hatte die Mutter erbeten.
In allen folgenden Jahren suchte ich Dana in der Skischule - aber ich sah sie nie wieder.&lt;/p&gt;&lt;/li&gt;

&lt;li&gt;&lt;p&gt;Die Mutter erkannte sich selber in jenem vertrauensvollen Mädchen aus der Gastfamilie in &lt;a href=&#34;https://de.wikipedia.org/wiki/Sochumi&#34;&gt;Suchumi&lt;/a&gt; wieder, das mit uns zum Strand gehen wollte. &amp;ldquo;Hoffentlich geschieht ihr nichts Schlimmes.&amp;rdquo; - &amp;ldquo;Was soll ihr denn geschehen?&amp;rdquo; - Schweigen, Verdrängen.&lt;/p&gt;&lt;/li&gt;

&lt;li&gt;&lt;p&gt;Sie war tief gerührt von den Ballett-Töchtern des Polizeichefs von &lt;a href=&#34;https://de.wikipedia.org/wiki/Bakuriani&#34;&gt;Bakuriani&lt;/a&gt;. Die krebskranke fünfzigjährige Frau schwärmte von einem intensiven Briefwechsel mit den zwölfjährigen Mädchen - aber sie führte ihn nicht aus.&lt;/p&gt;&lt;/li&gt;

&lt;li&gt;&lt;p&gt;Die Mutter versuchte stets, auf Klassenfahrten mitgenommen zu werden - und dort die Pfadfinder Leiterin zu sein.&lt;/p&gt;&lt;/li&gt;

&lt;li&gt;&lt;p&gt;Sie fürchtete die Wirklichkeit, die Erwachsenenwelt.&lt;/p&gt;&lt;/li&gt;

&lt;li&gt;&lt;p&gt;Wenn sie sich mit der Wirklichkeit befassen musste, dann suchte sie die Protektion von dicken, resignierten Männern, die in ihr das Mütterliche suchten.
Meine Mutter fütterte sie an, nutzte sie aus, und ließ sie dann hängen. Für meine Mutter waren das einflussreiche Wohltäter. Für meine Mutter waren diese Männer der Beleg dafür, dass die Welt gütig war, wenn man nur höflich fragte.
So gelangte ich an eine Chorschule, so gelangten der Bruder und ich zu einem Ausbildungsplatz, so wurde mir eine Wohnung zugewiesen, so bekam ich einen Druckposten bei der Artillerie.&lt;/p&gt;&lt;/li&gt;

&lt;li&gt;&lt;p&gt;Auch ihre Wohnung war ein Rückzugsraum. Voller naiver Kunst. Voller Bücher von humanistischen Schriftstellern. Voller Hoffnung auf das Gute im Menschen.&lt;/p&gt;&lt;/li&gt;

&lt;li&gt;&lt;p&gt;Zuerst arrangierte sie dort Feste mit ihren Verehrern. Später Weihnachtsfeiern mit zahlreichen Familienmitgliedern und Tonnen von Geschenken und exklusivem Essen.&lt;/p&gt;&lt;/li&gt;

&lt;li&gt;&lt;p&gt;Am liebsten arrangierte sie Besuche. Einmal brachte sie mich zu Verwandten des Vaters. Sie umschmeichelte eine Base des Vaters. Als mütterliche Frau Doktor aus der Stadt machte man gern ihre Bekanntschaft. Zum Abschied erhielten wir Äpfel.&lt;/p&gt;&lt;/li&gt;

&lt;li&gt;&lt;p&gt;Meine Kindheit enthielt hunderte solcher Bekanntschaften und Besuche.&lt;/p&gt;&lt;/li&gt;
&lt;/ul&gt;
</description>
    </item>
    
    <item>
      <title>Der Realitätssinn der Mutter</title>
      <link>http://localhost:1313/mnt02/mother-and-son/realitaetssinn-der-mutter</link>
      <pubDate>Thu, 18 Jun 2015 13:27:46 +0200</pubDate>
      
      <guid>http://localhost:1313/mnt02/mother-and-son/realitaetssinn-der-mutter</guid>
      <description>

&lt;h1 id=&#34;einbrüche-der-wirklichkeit:aa10b5b2f5b78a7455b8742c3487b3b7&#34;&gt;Einbrüche der Wirklichkeit&lt;/h1&gt;

&lt;p&gt;Der Sohn liebte die Kinderwelt-Inszenierungen und wollte sie fortführen.&lt;/p&gt;

&lt;p&gt;Aber das wollte die Mutter nicht.&lt;/p&gt;

&lt;p&gt;Sie griff seine Hoffnungen an.&lt;/p&gt;

&lt;ul&gt;
&lt;li&gt;&lt;p&gt;Du wirst immer für einen bösen Vorgesetzten arbeiten müssen.&lt;/p&gt;&lt;/li&gt;

&lt;li&gt;&lt;p&gt;Für ein bisschen Aufmerksamkeit erzählen die Menschen alle denkbaren Lügen.&lt;/p&gt;&lt;/li&gt;

&lt;li&gt;&lt;p&gt;Die alte Frau D. hat die Tochter immer als etwas Besonderes erzogen. Sie ist aber nichts Besonderes.&lt;/p&gt;&lt;/li&gt;

&lt;li&gt;&lt;p&gt;Die Freundin U. wollte immer die Frau-von-Welt sein, aber sie ist provinziell.&lt;/p&gt;&lt;/li&gt;

&lt;li&gt;&lt;p&gt;Das Fernsehen stellt die DDR Bürger als gutgläubige Trottel dar. Das ist lächerlich.&lt;/p&gt;&lt;/li&gt;

&lt;li&gt;&lt;p&gt;&amp;ldquo;Ewige Gerechtigkeit des Volkes&amp;rdquo; gibt es nicht.&lt;/p&gt;&lt;/li&gt;

&lt;li&gt;&lt;p&gt;Ich war mit Freundin E. im Tanzlokal. Für die Männer waren wir &amp;ldquo;die Alten&amp;rdquo;.&lt;/p&gt;&lt;/li&gt;

&lt;li&gt;&lt;p&gt;Es gibt in jeder Familie Missbrauch. Psychologen sind nur die einzigen die darüber sprechen.&lt;/p&gt;&lt;/li&gt;

&lt;li&gt;&lt;p&gt;&amp;ldquo;Die will, dass der sie heiratet&amp;rdquo;, sagte sie über das Pärchen am Nebentisch.&lt;/p&gt;&lt;/li&gt;

&lt;li&gt;&lt;p&gt;&amp;ldquo;So suchen sich Frauen die Männer aus&amp;rdquo;, kommentierte sie den Film &lt;a href=&#34;http://www.amazon.de/dp/B002LEZ2M4&#34;&gt;Legende von Paul und Paula&lt;/a&gt;.&lt;/p&gt;&lt;/li&gt;

&lt;li&gt;&lt;p&gt;In einem Anfall von Selbsthass sagte sie einmal: Ich bin eine Hexe, die Dich gegen den Vater aufhetzt.&lt;/p&gt;&lt;/li&gt;
&lt;/ul&gt;

&lt;p&gt;Hier zeigte sich, dass die Mutter umfassende Erfahrungen mit der Wirklichkeit hatte.&lt;/p&gt;

&lt;p&gt;Der Sohn hörte diese Worte mit Unglauben und Fassungslosigkeit. Sie standen im Gegensatz zu allem, was die Mutter predigte und vorlebte. Er konnte nicht glauben, dass die genannten Einschätzungen auch nur annähernd richtig waren. Tausend gute Menschen würden das verhindern.&lt;/p&gt;

&lt;p&gt;Die Mutter hielt die Wirklichkeit vom Kind fern.
Das Kind sollte solange es ging unschuldig bleiben.
Sie nutzte das Kind, um einen infantilen Rückzugsraum zu behalten.&lt;/p&gt;

&lt;p&gt;Sie bereitete das Kind in keinster Weise auf die Wirklichkeit vor.
&amp;ldquo;Später wirst Du selber sehen &amp;hellip;&amp;rdquo; sagte sie in den letzten Jahren gelegentlich. Sie kannte und förderte also die Gutgläubigkeit des Kindes.&lt;/p&gt;

&lt;p&gt;Sie hielt das Kind in verwöhnter Dummheit, damit sie ihr kleines Familien-Königreich behielt.&lt;/p&gt;

&lt;p&gt;Das Kind erhielt allerdings eine gute formale Bildung und Kunsterziehung. Nur menschlich wurde es dumm gehalten.&lt;/p&gt;
</description>
    </item>
    
    <item>
      <title>Motivation</title>
      <link>http://localhost:1313/mnt02/hurt/motivation/</link>
      <pubDate>Sun, 12 Jul 2015 13:27:46 +0200</pubDate>
      
      <guid>http://localhost:1313/mnt02/hurt/motivation/</guid>
      <description>&lt;p&gt;Geschätzte 2,65 Millionen Kinder leben mit einem &lt;a href=&#34;http://www.nacoa.de/index.php/fakten/zahlen&#34;&gt;alkoholkranken Elternteil&lt;/a&gt;.&lt;/p&gt;

&lt;p&gt;Sechs Millionen Erwachsene hatten ein Elternhaus mit einem Suchtkranken.&lt;/p&gt;

&lt;p&gt;Und es sind nicht nur Suchtfamilien.&lt;/p&gt;

&lt;p&gt;Die heftigen Gefühle zwischen Eltern und Kindern sind bis heute kaum verstanden.&lt;/p&gt;

&lt;p&gt;Die Familie des modernen Menschen leidet.&lt;/p&gt;

&lt;p&gt;Und die Kinder leiden.
Sie verdrängen und flüchten in&lt;/p&gt;

&lt;ul&gt;
&lt;li&gt;Ehrgeiz&lt;/li&gt;
&lt;li&gt;Perfektionismus&lt;/li&gt;
&lt;li&gt;Gefühlskälte&lt;/li&gt;
&lt;/ul&gt;

&lt;p&gt;Die Heilung der Verletzung durch die geliebten Eltern ist nicht schwer.&lt;/p&gt;

&lt;p&gt;Sie benötigen nur ihren gesunden Menschenverstand.&lt;/p&gt;
</description>
    </item>
    
    <item>
      <title>Die unvergesslich schönen Seiten</title>
      <link>http://localhost:1313/mnt02/mother-and-son/unvergesslich-schoene-anlaesse</link>
      <pubDate>Mon, 13 Jul 2015 13:27:46 +0200</pubDate>
      
      <guid>http://localhost:1313/mnt02/mother-and-son/unvergesslich-schoene-anlaesse</guid>
      <description>&lt;ul&gt;
&lt;li&gt;&lt;p&gt;Die Mutter verlor die Angst, wenn der Sohn krank war.&lt;/p&gt;&lt;/li&gt;

&lt;li&gt;&lt;p&gt;Als der Sohn im Urlaub einen Durchfall bekommen hatte, reinigte sie das Bett. Es war ihr nicht peinlich vor der Wirtin. Sie schien die Situation zu genießen.
Noch auf der Rückfahrt war sie ungewöhnlich liebevoll. Denn der Sohn war abhängig von ihr und konnte sie nicht verachten oder verlassen.&lt;/p&gt;&lt;/li&gt;

&lt;li&gt;&lt;p&gt;Noch in der neunten Klasse kümmerte sie sich um den Sohn als er krank wurde. Jene Krankheit, als der Klassenkamerad Mathias K. den Sohn besuchen kam. Jene Woche war ein später Höhepunkt der Verbundenheit.&lt;/p&gt;&lt;/li&gt;

&lt;li&gt;&lt;p&gt;Die Fahrten nach Potsdam, nach Zeuthen und auch nach Teltow blieben bis zum Ende kurze Momente des Glücks.&lt;/p&gt;&lt;/li&gt;

&lt;li&gt;&lt;p&gt;Wie sehr der Sohn es liebte, wenn die Mutter ihn zum Wohnheim brachte.&lt;/p&gt;&lt;/li&gt;
&lt;/ul&gt;
</description>
    </item>
    
    <item>
      <title>Kinderliebe &gt;&gt; Elternliebe</title>
      <link>http://localhost:1313/mnt02/hurt/kinderliebe--elternliebe/</link>
      <pubDate>Thu, 16 Jul 2015 13:27:46 +0200</pubDate>
      
      <guid>http://localhost:1313/mnt02/hurt/kinderliebe--elternliebe/</guid>
      <description>

&lt;h1 id=&#34;kinder-vergöttern-die-eltern-noch-viel-mehr:d478550485179a38678ad64cf8928071&#34;&gt;Kinder vergöttern die Eltern noch viel mehr&lt;/h1&gt;

&lt;p&gt;Für die Mutter bedeutet ein Kind ein paar Jahre Lebensenergie.
Für den Vater bedeutet ein Kind mehrere Jahre seiner Arbeitskraft.&lt;/p&gt;

&lt;p&gt;Beide Eltern hängen daher am Kind.
Der Tod des Kindes ist ein unwiderbringlicher Verlust.&lt;/p&gt;

&lt;p&gt;Für das Kind sind die Eltern noch wichtiger.
Das Kind verhungert oder erfriert oder verdurstet ohne Eltern.&lt;/p&gt;

&lt;blockquote&gt;
&lt;p&gt;Im griechischen Sparta wurden ungeliebte oder kränkliche Kinder an einem Felsen totgeschlagen.&lt;/p&gt;
&lt;/blockquote&gt;

&lt;p&gt;Das Kind liebt die Eltern daher &lt;em&gt;noch&lt;/em&gt; viel verzweifelter und intensiver als umgekehrt.&lt;/p&gt;

&lt;ul&gt;
&lt;li&gt;Den Eltern gefallen.&lt;/li&gt;
&lt;li&gt;Die Zuneigung der Eltern gewinnen und behalten.&lt;/li&gt;
&lt;/ul&gt;

&lt;p&gt;Dafür tun Kinder alles.&lt;/p&gt;
</description>
    </item>
    
    <item>
      <title>Elternliebe - Investition - Liebe - Verlustangst</title>
      <link>http://localhost:1313/mnt02/hurt/elternliebe---investition---liebe---verlustangst/</link>
      <pubDate>Thu, 16 Jul 2015 13:27:46 +0200</pubDate>
      
      <guid>http://localhost:1313/mnt02/hurt/elternliebe---investition---liebe---verlustangst/</guid>
      <description>

&lt;p&gt;Die Gefühle zwischen Eltern und Kind sind vielfältig.&lt;/p&gt;

&lt;ul&gt;
&lt;li&gt;&lt;p&gt;Lernen Sie, die Eltern zu verstehen!&lt;/p&gt;&lt;/li&gt;

&lt;li&gt;&lt;p&gt;Lernen Sie, Ihre eigenen Gefühle gegenüber den Eltern zu verstehen!&lt;/p&gt;&lt;/li&gt;
&lt;/ul&gt;

&lt;p&gt;Viele Schmerzen und Konflikte werden leichter zu lösen sein.&lt;/p&gt;

&lt;p&gt;Sie werden mehr Kraft fürs Leben haben.&lt;/p&gt;

&lt;h1 id=&#34;investition:462a28ced8abcd2b495db6e645dfb422&#34;&gt;Investition&lt;/h1&gt;

&lt;h2 id=&#34;symbiose-und-reinste-liebe:462a28ced8abcd2b495db6e645dfb422&#34;&gt;Symbiose und reinste Liebe&lt;/h2&gt;

&lt;p&gt;Während der ersten Jahre erlebt die Mutter eine innige Verbundenheit mit dem Kind.&lt;/p&gt;

&lt;p&gt;Das Kind sucht ständig ihre Aufmerksamkeit und Zuwendung.&lt;/p&gt;

&lt;p&gt;Die Mutter wird gefordert - sie wird angebetet. Sie fühlt sich wichtig.&lt;/p&gt;

&lt;p&gt;Die Mutter arbeitet jahrelang für das Kind.
Sie verliert unwiderbringliche Lebenszeit und sie verliert sexuelle Anziehungskraft.&lt;/p&gt;

&lt;h2 id=&#34;väter:462a28ced8abcd2b495db6e645dfb422&#34;&gt;Väter&lt;/h2&gt;

&lt;p&gt;Auch Väter verbrauchen ihre Lebenskraft, damit die Kinder erwachsen werden können.&lt;/p&gt;

&lt;p&gt;Aber sie geben nicht nur Geld.&lt;/p&gt;

&lt;p&gt;Väter verändern sich für die Kinder.
Sie produzieren mehr weibliche Hormone.
Sie werden zärtlicher.
Sie fördern die Sprachentwicklung des Kindes.&lt;/p&gt;

&lt;h1 id=&#34;förderung-des-kindes:462a28ced8abcd2b495db6e645dfb422&#34;&gt;Förderung des Kindes&lt;/h1&gt;

&lt;p&gt;Das Kind ist eine Investition der Eltern - im besten Sinne.
Die Eltern wollen dem Kind die eigenen Entbehrungen ersparen.&lt;/p&gt;

&lt;ul&gt;
&lt;li&gt;&lt;p&gt;Hunger, Armut, finanzielle Not&lt;/p&gt;&lt;/li&gt;

&lt;li&gt;&lt;p&gt;Aussperrung von der Kultur der Hochstehenden&lt;/p&gt;&lt;/li&gt;
&lt;/ul&gt;

&lt;p&gt;Die Eltern wollen Glück und Erfolg für ihr Kind.&lt;/p&gt;

&lt;blockquote&gt;
&lt;p&gt;Die &lt;a href=&#34;https://de.wikipedia.org/wiki/Jennie_Churchill&#34;&gt;Mutter von Winston Churchill&lt;/a&gt; war eine kühle Frau.
Aber für die Karriere des Sohnes wendete sie viel Kraft auf.&lt;/p&gt;
&lt;/blockquote&gt;

&lt;p&gt;Söhne und Töchter erhielten bis vor wenigen Jahren unterschiedliche Liebesgeschenke von den Eltern.&lt;/p&gt;

&lt;p&gt;Den Söhnen zahlte man Ausbildung oder Studium.&lt;/p&gt;

&lt;p&gt;Den Töchtern gab man Geld, damit sie einen wohlhabenden Mann heiraten konnten.&lt;/p&gt;

&lt;blockquote&gt;
&lt;p&gt;Die &lt;a href=&#34;http://www.amazon.de/dp/3596294312&#34;&gt;Familie Buddenbrook&lt;/a&gt; aus dem Roman von Thomas Mann gibt viel Geld für die &lt;a href=&#34;https://de.wikipedia.org/wiki/Buddenbrooks#Dritter_Teil&#34;&gt;Verheiratung der Tochter&lt;/a&gt; aus. Der Ehemann verschwendet das Geld. Die Familie muss ein weiteres Mal bezahlen, damit die Tochter heiraten kann.&lt;/p&gt;
&lt;/blockquote&gt;

&lt;p&gt;Ein Vater sagte mir einmal:&lt;/p&gt;

&lt;blockquote&gt;
&lt;p&gt;&amp;ldquo;Die Tochter heiratet doch später. Wozu soll ich ein Studium für sie bezahlen?&amp;rdquo;&lt;/p&gt;
&lt;/blockquote&gt;

&lt;p&gt;Es gab auch Ausnahmen.&lt;/p&gt;

&lt;blockquote&gt;
&lt;p&gt;&lt;a href=&#34;https://de.wikipedia.org/wiki/Florence_Nightingale&#34;&gt;Florence Nightingale&lt;/a&gt; wurde vom Vater persönlich unterrichtet. Florence kämpfte ihr Leben lang für die Verbesserung der Krankenpflege.&lt;/p&gt;
&lt;/blockquote&gt;

&lt;p&gt;Für die Förderung der Kinder gab man Frauen mehr Rechte.&lt;/p&gt;

&lt;blockquote&gt;
&lt;p&gt;Nur für die Karriere ihrer Söhne durften römische Frauen selbständig Geldgeschäfte abschließen.&lt;/p&gt;
&lt;/blockquote&gt;

&lt;p&gt;Der Opferwillen der Eltern ist beträchtlich.&lt;/p&gt;

&lt;blockquote&gt;
&lt;p&gt;Die römische Adlige &lt;a href=&#34;https://de.wikipedia.org/wiki/Agrippina_die_J%C3%BCngere&#34;&gt;Agrippina&lt;/a&gt; hatte einen bösen Sohn.&lt;/p&gt;

&lt;p&gt;&amp;ldquo;Soll er mich ermorden, Hauptsache er wird Kaiser&amp;rdquo;, sagte sie.&lt;/p&gt;

&lt;p&gt;Und so kam es.&lt;/p&gt;
&lt;/blockquote&gt;

&lt;h1 id=&#34;rollenvorbild:462a28ced8abcd2b495db6e645dfb422&#34;&gt;Rollenvorbild&lt;/h1&gt;

&lt;p&gt;Kinder müssen lernen.&lt;/p&gt;

&lt;ul&gt;
&lt;li&gt;&lt;p&gt;Sich die Schuhe zu binden.&lt;/p&gt;&lt;/li&gt;

&lt;li&gt;&lt;p&gt;Sich gegen andere Menschen zu behaupten.&lt;/p&gt;&lt;/li&gt;

&lt;li&gt;&lt;p&gt;Sich einen Liebespartner zu erobern.&lt;/p&gt;&lt;/li&gt;
&lt;/ul&gt;

&lt;p&gt;Eltern müssen dem Kind vorleben,
wie man das Leben bewältigt.&lt;/p&gt;

&lt;p&gt;Hierfür sind Kinder auf die Eltern angewiesen.&lt;/p&gt;

&lt;p&gt;Kinder imitieren die Eltern.&lt;/p&gt;

&lt;hr /&gt;

&lt;h1 id=&#34;eigeninteresse-der-eltern:462a28ced8abcd2b495db6e645dfb422&#34;&gt;Eigeninteresse der Eltern&lt;/h1&gt;

&lt;p&gt;Trotz aller Selbstlosigkeit - Eltern suchen auch ihren Vorteil.&lt;/p&gt;

&lt;h2 id=&#34;vom-erfolg-der-kinder-profitieren:462a28ced8abcd2b495db6e645dfb422&#34;&gt;Vom Erfolg der Kinder profitieren&lt;/h2&gt;

&lt;p&gt;Die Eltern wünschen sich generell, in den Kindern weiterzuleben.&lt;/p&gt;

&lt;p&gt;Die Eltern erhoffen sich Vorteile vom Erfolg ihrer Kinder.
Es ist nicht schlecht, die Mutter eines berühmten Künstlers oder Kriegshelden zu sein.&lt;/p&gt;

&lt;blockquote&gt;
&lt;p&gt;&lt;a href=&#34;https://de.wikipedia.org/wiki/Konstantin_der_Gro%C3%9Fe&#34;&gt;Kaiser Konstantins&lt;/a&gt; Mutter brachte ihren Sohn aus bitterster Not zum Kaiser.
  Als Mutter des Kaisers förderte sie den christlichen Glauben im Reich.&lt;/p&gt;
&lt;/blockquote&gt;

&lt;p&gt;Die Kinder sollen wenigstens zu Besuch kommen, wenn die Eltern alt sind.&lt;/p&gt;

&lt;blockquote&gt;
&lt;p&gt;&amp;ldquo;Mal sehen, wen die Töchter dann anbringen&amp;rdquo;, sagte eine Mutter zu mir.&lt;/p&gt;
&lt;/blockquote&gt;

&lt;h1 id=&#34;wenn-die-kinder-selbständiger-werden:462a28ced8abcd2b495db6e645dfb422&#34;&gt;Wenn die Kinder selbständiger werden&lt;/h1&gt;

&lt;p&gt;Stellen Sie sich vor, Sie hätten zwei Jahre schwer gearbeitet, und das Bündel Geldscheine wandert zur Wohnungstür hinaus.&lt;/p&gt;

&lt;p&gt;Stellen Sie sich vor, Sie haben ein Auto restauriert - und das Auto fährt selbständig zum Nachbarn und will dort bleiben.&lt;/p&gt;

&lt;h2 id=&#34;die-liebe-der-kinder-behalten:462a28ced8abcd2b495db6e645dfb422&#34;&gt;Die Liebe der Kinder behalten&lt;/h2&gt;

&lt;p&gt;Die Eltern wollen weiter vom Kind geliebt werden.&lt;/p&gt;

&lt;p&gt;Sie versuchen daher, vor dem Kind in gutem Licht zu erscheinen.&lt;/p&gt;

&lt;h2 id=&#34;angst-vor-der-kindlichen-erkenntnis:462a28ced8abcd2b495db6e645dfb422&#34;&gt;Angst vor der kindlichen Erkenntnis&lt;/h2&gt;

&lt;p&gt;Unsichere Eltern fürchten schon früh den Verlust der Wertschätzung durch die Kinder.&lt;/p&gt;

&lt;p&gt;Sie wollen deren Liebe und Bewunderung behalten.&lt;/p&gt;

&lt;ul&gt;
&lt;li&gt;Sie verführen die Kinder emotional.&lt;/li&gt;
&lt;li&gt;Sie bringen die Kinder in übermäßige Abhängigkeit.&lt;/li&gt;
&lt;li&gt;Sie benehmen sich göttlich und perfekt.&lt;/li&gt;
&lt;li&gt;Sie halten die Kinder auf Abstand.&lt;/li&gt;
&lt;/ul&gt;

&lt;blockquote&gt;
&lt;p&gt;Eine gehörlose Mutter verhindert,
dass ihr Kind durch Operation den Hörsinn erlangt:&lt;/p&gt;

&lt;p&gt;&amp;ldquo;Bist Du traurig?&amp;rdquo;, fragt sie den Zehnjährigen.&lt;/p&gt;

&lt;p&gt;&amp;ldquo;Ja. Weil ich keine Operation bekomme.&amp;rdquo;&lt;/p&gt;

&lt;p&gt;&amp;ldquo;Aber Du wolltest sie doch nicht.&amp;rdquo;&lt;/p&gt;

&lt;p&gt;&amp;ldquo;Nein, &lt;em&gt;Du&lt;/em&gt; wolltest sie nicht.&amp;rdquo;&lt;/p&gt;
&lt;/blockquote&gt;

&lt;p&gt;Die Furcht vor der Verachtung durch das eigene Kind kann größer sein als der Wunsch nach Erfolg für das Kind.&lt;/p&gt;

&lt;h1 id=&#34;kinder-als-altenpfleger:462a28ced8abcd2b495db6e645dfb422&#34;&gt;Kinder als Altenpfleger&lt;/h1&gt;

&lt;p&gt;Spätgeborene oder sanftmütige Kinder werden übermäßig in Abhängigkeit gehalten und verwöhnt.
Ein mögliches uneingestandenes Motiv ist es, ein Kind auch im Alter und bei Krankheit an sich zu binden.&lt;/p&gt;

&lt;h1 id=&#34;kinder-zur-erhöhung-der-attraktivität:462a28ced8abcd2b495db6e645dfb422&#34;&gt;Kinder zur Erhöhung der Attraktivität&lt;/h1&gt;

&lt;p&gt;Väter zeigen sich gern mit ihren Töchtern.&lt;/p&gt;

&lt;p&gt;Die etwas ältere Mutter über 30 erfährt durch das Neugeborene eine Auffrischung ihrer Lebensblüte. Sie wird wieder jünger wahrgenommen.&lt;/p&gt;

&lt;blockquote&gt;
&lt;p&gt;Die Schriftstellerin Claire Goll beschreibt in ihrer Autobiographie &lt;a href=&#34;http://www.amazon.de/Ich-verzeihe-keinem-Claire-Goll/dp/3426006731&#34;&gt;&amp;ldquo;Ich verzeihe keinem&amp;rdquo;&lt;/a&gt;, wie ihre Mutter sie benutzte, um auf Männerfang zu gehen.&lt;/p&gt;
&lt;/blockquote&gt;

&lt;h1 id=&#34;billige-arbeitskräfte-und-sexuelle-ausbeutung-von-kindern:462a28ced8abcd2b495db6e645dfb422&#34;&gt;Billige Arbeitskräfte und sexuelle Ausbeutung von Kindern&lt;/h1&gt;

&lt;p&gt;Im schlimmsten Fall zwingen Familien ihre Kinder früh zu schwerer Arbeit.
Oder sie beuten die Kinder sexuell aus um an Geld zu kommen.&lt;/p&gt;

&lt;blockquote&gt;
&lt;p&gt;Ein Gerichtsgutachter berichtete mir, wie eine Familie die vierzehnjährige Tochter zur Prostitution antrieb und ihr das verdiente Geld abnahm.&lt;/p&gt;
&lt;/blockquote&gt;

&lt;h1 id=&#34;rückzug-vom-kind-verstoßen-des-kindes:462a28ced8abcd2b495db6e645dfb422&#34;&gt;Rückzug vom Kind - Verstoßen des Kindes&lt;/h1&gt;

&lt;p&gt;Wenn die Eltern befürchten, dass das Kind sie verlassen wird,
flüchten sie vor dem Kind, aus Furcht vor Verletzung.&lt;/p&gt;

&lt;p&gt;Sie diffamieren und diskreditieren das Kind.&lt;/p&gt;

&lt;blockquote&gt;
&lt;p&gt;&amp;ldquo;Bald wirst Du Dich für mich schämen&amp;rdquo;, sagte eine Mutter zu ihrem vierjährigen Sohn.&lt;/p&gt;

&lt;p&gt;&lt;br&gt;&lt;/p&gt;

&lt;p&gt;&amp;ldquo;Das ist ein ganz großer Verräter&amp;rdquo;, sagte &lt;a href=&#34;https://de.wikipedia.org/wiki/Helmut_Kohl&#34;&gt;Helmut Kohl&lt;/a&gt;  über den jungen &lt;a href=&#34;https://de.wikipedia.org/wiki/Christian_Wulff&#34;&gt;Christian Wulff&lt;/a&gt;.&lt;/p&gt;
&lt;/blockquote&gt;

&lt;p&gt;Je attraktiver und talentierter das Kind, umso größer die Furcht der unsicheren Eltern, verlassen zu werden.&lt;/p&gt;

&lt;p&gt;Solche Kinder erhalten schon früh keine Zuneigung mehr von den Eltern. Das dicke Geschwister wird jedoch bedingunglos verwöhnt.&lt;/p&gt;

&lt;blockquote&gt;
&lt;p&gt;&lt;a href=&#34;https://de.wikipedia.org/wiki/Albert_Einstein&#34;&gt;Albert Einstein&lt;/a&gt;, &lt;a href=&#34;https://de.wikipedia.org/wiki/Bertolt_Brecht&#34;&gt;Bertolt Brecht&lt;/a&gt;, &lt;a href=&#34;https://de.wikipedia.org/wiki/Kurt_Tucholsky&#34;&gt;Kurt Tucholsky&lt;/a&gt; - alle wurden früh verstoßen.&lt;/p&gt;
&lt;/blockquote&gt;
</description>
    </item>
    
    <item>
      <title>Verherrlichung des Kindes</title>
      <link>http://localhost:1313/mnt02/hurt/verherrlichung-des-kindes/</link>
      <pubDate>Fri, 17 Jul 2015 13:27:46 +0200</pubDate>
      
      <guid>http://localhost:1313/mnt02/hurt/verherrlichung-des-kindes/</guid>
      <description>&lt;p&gt;Die Geschichte von &lt;a href=&#34;https://de.wikipedia.org/wiki/%C3%96dipus&#34;&gt;Oedipus&lt;/a&gt; erzählt von der Liebe des Kindes zur Mutter.&lt;/p&gt;

&lt;p&gt;Umgekehrt können auch Eltern ihre Kinder vergöttern: Wenn man einen talentierten jungen Menschen zu einem Erwachsenen geformt hat, der unseren besten Träumen entspricht - würden wir ein solches Geschöpf nicht anhimmeln und lieben?&lt;/p&gt;

&lt;p&gt;Dies ist in der griechischen Geschichte von Pygmalion festgehalten.&lt;/p&gt;

&lt;p&gt;Sie kennen &lt;a href=&#34;http://www.amazon.de/My-Fair-Lady-Audrey-Hepburn/dp/B00004RYUA&#34;&gt;My Fair Lady&lt;/a&gt; - eine  Verfilmung von Pygmalion.&lt;/p&gt;

&lt;blockquote&gt;
&lt;p&gt;Noch heute erinnere ich mich an die Stimme meiner Mutter, als sie mir die Geschichte von &lt;a href=&#34;https://de.wikipedia.org/wiki/Pygmalion&#34;&gt;Pygmalion&lt;/a&gt; das erste Mal erzählte.
Sie kannte das Gefühl, sich ein Ideal zu erschaffen und es dann zu begehren.&lt;/p&gt;
&lt;/blockquote&gt;

&lt;p&gt;Attraktive und talentierte Kinder werden nicht nur gefürchtet.&lt;/p&gt;

&lt;p&gt;Sie werden wie erwachsene Liebhaber &lt;em&gt;begehrt&lt;/em&gt;.&lt;/p&gt;

&lt;blockquote&gt;
&lt;p&gt;&amp;ldquo;Und da kommt so ein Hergelaufener und nimmt mir meine Tochter weg&amp;rdquo;, berichtet ein Schriftsteller.&lt;/p&gt;

&lt;p&gt;&lt;br&gt;&lt;/p&gt;

&lt;p&gt;&amp;ldquo;Ich hätte einem Mann wie Dir begegnen müssen&amp;rdquo;, sagte eine Mutter zu ihrem zwölfjährigen Sohn.&lt;/p&gt;
&lt;/blockquote&gt;

&lt;p&gt;Attraktive und talentierte Kinder sollen all das erreichen, was die Eltern für sich selber wünschen.&lt;/p&gt;

&lt;ul&gt;
&lt;li&gt;&lt;p&gt;Mütter versuchen, durch ihre schönen Töchtern ihre eigene Anziehungskraft wiederzuerleben.&lt;/p&gt;&lt;/li&gt;

&lt;li&gt;&lt;p&gt;Väter drillen die Söhne, damit sie das erreichen, was die Väter sich wünschen.&lt;/p&gt;&lt;/li&gt;
&lt;/ul&gt;

&lt;p&gt;Unsere Kultur gestattet jedoch nur fürsorgliche Gefühle für Kinder.&lt;/p&gt;

&lt;p&gt;Andere Gefühle - partnerschaftliches Begehren - oder gar sexuelle Anziehung - sind zum Schutze der Kinder verboten.&lt;/p&gt;

&lt;p&gt;Daher werden solche Gefühle selten eingestanden.&lt;/p&gt;
</description>
    </item>
    
    <item>
      <title>Alt werden</title>
      <link>http://localhost:1313/mnt02/hurt/alt-werden/</link>
      <pubDate>Sat, 18 Jul 2015 13:27:46 +0200</pubDate>
      
      <guid>http://localhost:1313/mnt02/hurt/alt-werden/</guid>
      <description>&lt;p&gt;Man muss rechtzeitig &lt;a href=&#34;http://localhost:1313/mnt02/hurt/erwachsen-werden&#34;&gt;erwachsen werden&lt;/a&gt;.&lt;/p&gt;

&lt;ul&gt;
&lt;li&gt;Die Eltern sterben&lt;/li&gt;
&lt;li&gt;Die Kinder - sie werden erwachsen&lt;/li&gt;
&lt;li&gt;Die Anziehungskraft schwindet&lt;/li&gt;
&lt;li&gt;Die berufliche Karriere stagniert - oder zerbricht&lt;/li&gt;
&lt;li&gt;Man verliert seine Unschuld, seinen Kinderglauben in die Menschen&lt;/li&gt;
&lt;li&gt;Alle Möglichkeiten und Hoffnungen werden ersetzt durch die Gewißheit,
sie nicht mehr erreichen zu können&lt;/li&gt;
&lt;li&gt;Einsamkeit&lt;/li&gt;
&lt;li&gt;Nutzlosigkeit&lt;/li&gt;
&lt;li&gt;Der Lebenspartner stirbt&lt;/li&gt;
&lt;li&gt;Krankheit und Gebrechlichkeit&lt;/li&gt;
&lt;li&gt;Geistiger Verfall&lt;/li&gt;
&lt;/ul&gt;

&lt;p&gt;Gegen diese Verluste hift nur eines: &lt;a href=&#34;http://localhost:1313/mnt02/hurt/erwachsen-werden&#34;&gt;Erwachsen werden&lt;/a&gt;.&lt;/p&gt;
</description>
    </item>
    
    <item>
      <title>Begehrt und angegriffen</title>
      <link>http://localhost:1313/mnt02/hurt/begehrt-und-angegriffen/</link>
      <pubDate>Sat, 18 Jul 2015 13:27:46 +0200</pubDate>
      
      <guid>http://localhost:1313/mnt02/hurt/begehrt-und-angegriffen/</guid>
      <description>

&lt;p&gt;Wenn der Sohn 15 wird, kauft die Mutter dem Sohn auftrumpfende männliche Kleidung.&lt;/p&gt;

&lt;p&gt;Die Mutter näht sexuell verführerische Kleider für die Tochter.&lt;/p&gt;

&lt;p&gt;Eine Mutter erzählt ihrem Sohn von ihren Eroberungen als junge Frau. Sie will vor dem eigenen Kind gut dastehen.&lt;/p&gt;

&lt;blockquote&gt;
&lt;p&gt;&lt;a href=&#34;http://www.amazon.de/Zelda-Biography-P-S-Nancy-Milford/dp/0062089390&#34;&gt;Nancy Milfords Biographie von Zelda Sayre&lt;/a&gt; beschreibt sehr anschaulich, wie die Mutter die fünfzehnjährige Zelda so zurechtmacht, dass Männer sie wollen.&lt;/p&gt;

&lt;p&gt;&lt;br&gt;&lt;/p&gt;

&lt;p&gt;Unsere Nachbarin behandelte ihren Sohn stets grausam, aber als er sechzehn wurde, erzählte sie stolz was für ein maskuliner Junge er wäre.&lt;/p&gt;

&lt;p&gt;&lt;br&gt;&lt;/p&gt;

&lt;p&gt;Voller Scham gestand mir ein Professor für Psychiatrie, dass er heftige sexuelle Lust auf seine Töchter empfand. Der Professor war bereits ein alter Mann - und seine Töchter galten nicht als schön.&lt;/p&gt;
&lt;/blockquote&gt;

&lt;p&gt;Philosophen werden von diesen Gefühlen genauso befallen wie Holzfäller.&lt;/p&gt;

&lt;hr /&gt;

&lt;h1 id=&#34;attacken-eifersucht-gekränktes-verhalten:23002408303658104636d9af950fd355&#34;&gt;Attacken, Eifersucht, gekränktes Verhalten&lt;/h1&gt;

&lt;p&gt;Die Unsicherheit der Eltern zeigt sich, wenn sie sich vom bewunderten Kind geringeschätzt fühlen.
Dann folgen Angriffe.&lt;/p&gt;

&lt;blockquote&gt;
&lt;p&gt;Eine Tochter hat sich ihr erstes Auto zusammengespart. Die Mutter fürchtet die gewachsene Unabhängigkeit der Tochter. Die über alles geliebte Tochter wird sich weiter entfernen. Die Mutter schimpft auf das Auto.&lt;/p&gt;
&lt;/blockquote&gt;
</description>
    </item>
    
    <item>
      <title>Erwachsen werden</title>
      <link>http://localhost:1313/mnt02/hurt/erwachsen-werden/</link>
      <pubDate>Sat, 18 Jul 2015 13:27:46 +0200</pubDate>
      
      <guid>http://localhost:1313/mnt02/hurt/erwachsen-werden/</guid>
      <description>

&lt;p&gt;Kinder nehmen die Eltern als Wegweiser für den eigenen Lebenserfolg.&lt;/p&gt;

&lt;blockquote&gt;
&lt;p&gt;Vergleichen Sie das mit der &lt;a href=&#34;https://lachswanderung.wordpress.com/kreislauf-der-lachswanderung/&#34;&gt;Strategie der Lachse&lt;/a&gt;, die an genau den Ort zurückzukehren, an dem sie geboren wurden.&lt;/p&gt;

&lt;p&gt;Unsere Eltern haben damit überlebt.
Also ist es die beste Chance, auch selber zu überleben.&lt;/p&gt;

&lt;p&gt;Und unsere Eltern haben die Überlebensstrategie der Großeltern übernommen.&lt;/p&gt;
&lt;/blockquote&gt;

&lt;p&gt;Heute vermitteln uns die Eltern meist folgende Überlebensstrategie:&lt;/p&gt;

&lt;ul&gt;
&lt;li&gt;Verdrängen.&lt;br /&gt;&lt;/li&gt;
&lt;li&gt;Kind bleiben.&lt;/li&gt;
&lt;li&gt;Hilflos bleiben.&lt;/li&gt;
&lt;li&gt;Fleißig lernen und studieren.&lt;/li&gt;
&lt;/ul&gt;

&lt;p&gt;Das ist eine Überlebensstrategie für die jungen Jahre.&lt;/p&gt;

&lt;p&gt;Später hilft sie nicht mehr.&lt;/p&gt;

&lt;p&gt;&lt;small&gt;Achtung, verlinkter Text löst Angst aus:&lt;/small&gt;&lt;br&gt;
Infantile Verdränger leiden, wenn sie &lt;a href=&#34;http://localhost:1313/mnt02/hurt/alt-werden&#34;&gt;älter&lt;/a&gt; werden.&lt;/p&gt;

&lt;hr /&gt;

&lt;h1 id=&#34;die-hilflosigkeit-der-eltern-erkennen:7bee4657c50eb80a8dabbc129476bfe0&#34;&gt;Die Hilflosigkeit der Eltern erkennen&lt;/h1&gt;

&lt;p&gt;Haben Ihre Eltern sich jemals bemüht, Ihnen die folgenden Dinge beizubringen:&lt;/p&gt;

&lt;ul&gt;
&lt;li&gt;&lt;p&gt;Wie findet man einen Job?&lt;/p&gt;&lt;/li&gt;

&lt;li&gt;&lt;p&gt;Wie wird man beliebt oder erfolgreich?&lt;/p&gt;&lt;/li&gt;

&lt;li&gt;&lt;p&gt;Wie setze ich mich zur Wehr, wenn ich beleidigt werde?&lt;/p&gt;&lt;/li&gt;

&lt;li&gt;&lt;p&gt;Wie sichert man sein Geld?&lt;/p&gt;&lt;/li&gt;

&lt;li&gt;&lt;p&gt;Gibt es Betrüger? Woran erkennt man sie?&lt;/p&gt;&lt;/li&gt;

&lt;li&gt;&lt;p&gt;Wie erobert man sich den bestmöglichen Lebenspartner.&lt;/p&gt;&lt;/li&gt;

&lt;li&gt;&lt;p&gt;Wie überlebt man Krieg oder Hungersnot?&lt;/p&gt;&lt;/li&gt;
&lt;/ul&gt;

&lt;p&gt;Es wäre verständlich, wenn die Eltern schlechte oder altmodische Ratschläge geben würden.
Aber sie geben überhaupt keinen Rat.
Sie sind  hilflos.
Verdränger. Anpasser. Feiglinge.&lt;/p&gt;

&lt;p&gt;Die meisten Eltern bringen ihren Kindern bei, auf Sauberkeit zu achten.
Und viele bringen ihnen bei, leise zu sein.
Ferner sollst Du Dich in der Schule anstrengen.&lt;/p&gt;

&lt;p&gt;Mehr kriegst Du nicht.&lt;/p&gt;

&lt;blockquote&gt;
&lt;p&gt;Zwei reale Beispiele für elterliche Führung:&lt;/p&gt;

&lt;p&gt;&amp;ldquo;Sag bloß nichts in der Schule.&amp;rdquo;&lt;/p&gt;

&lt;p&gt;&amp;ldquo;Junge, halt Dich fern von Politik.&amp;rdquo;&lt;/p&gt;

&lt;p&gt;&lt;br&gt;
Gegenbeispiel:&lt;/p&gt;

&lt;p&gt;In dem Roman &lt;a href=&#34;http://www.amazon.de/Die-P%C3%A4pstin-Donna-W-Cross/dp/3746614007&#34;&gt;Die Päpstin&lt;/a&gt; zeigt ein Vater seinem Sohn, wie einem Bischof die Augen ausgestochen werden.
Anschließend erklärt der Vater dem Sohn, welche Ursachen hinter der Gewalttat stehen, und welche Mächte der Bischof herausgefordert hatte.&lt;/p&gt;

&lt;p&gt;Haben Ihre Eltern jemals solche Gespräche mit Ihnen geführt?&lt;/p&gt;
&lt;/blockquote&gt;

&lt;ul&gt;
&lt;li&gt;&lt;p&gt;Es tut weh das zu erkennen, aber die Eltern lassen uns im Überlebenskampf allein.&lt;/p&gt;&lt;/li&gt;

&lt;li&gt;&lt;p&gt;Die  Inszenierungen, die die Eltern aufführen sind wertlos.&lt;/p&gt;&lt;/li&gt;

&lt;li&gt;&lt;p&gt;Mit 14 endet der Schutz durch die Eltern.&lt;/p&gt;&lt;/li&gt;

&lt;li&gt;&lt;p&gt;Oft erwecken die Eltern den Anschein, dass wir großartige Erfolge erringen werden.
Ohne realistische Anleitung - ohne Aussicht.
&lt;br&gt;Verzweifeltes Wunschdenken.&lt;/p&gt;&lt;/li&gt;

&lt;li&gt;&lt;p&gt;Oft erhoffen die Eltern spätere Unterstützung von den Kindern für sich.
Aber die Kinder sind selber überfordert.&lt;/p&gt;&lt;/li&gt;
&lt;/ul&gt;

&lt;p&gt;Wir Kinder, die wir in diesem emotionalen Kraftfeld aufgewachsen sind, werden enttäuscht.&lt;/p&gt;

&lt;p&gt;Und selbst wenn die Kinder beruflich und privat einigermaßen zurecht kommen - ein selbstbestimmtes, erfolgreiches Leben erreichen wir nicht.&lt;/p&gt;

&lt;h2 id=&#34;aufstieg-durch-bildung:7bee4657c50eb80a8dabbc129476bfe0&#34;&gt;Aufstieg durch Bildung&lt;/h2&gt;

&lt;p&gt;Die Eltern lehren uns indirekt, dass wir  durch Schule und Studium in die höchsten Schichten der Gesellschaft vorstoßen können.
Politik, Lehrer und Gesellschaft - fast alle glauben und predigen, dass man vor allem durch unermüdliches Studieren aufsteigt.&lt;/p&gt;

&lt;blockquote&gt;
&lt;p&gt;Die Private Universität Witten/Herdecke hat in Jahrzehnten genau &lt;em&gt;zwei&lt;/em&gt; Wirtschaftsbosse hervorgebracht.
Die 0-8-15 Universität von Paderborn genauso viele.&lt;/p&gt;
&lt;/blockquote&gt;

&lt;p&gt;Ein Wunschglaube.
Leistungskarrieren sind nur in bestimmten Epochen möglich und verbreitet.&lt;/p&gt;

&lt;p&gt;Amerika im 19. Jahrhundert und die Renaissance im 15. Jahrhundert in Italien gehören zu den wenigen Zeiten, in denen man mit Talent und Leistung erfolgreich werden konnte.&lt;/p&gt;

&lt;p&gt;Henry Ford wurde ein König der Autos. John Rockefeller erbaute den Exxon Konzern. Westinghouse wurde reich durch Elektrizitätswerke.
Diese Männer waren talentiert und fleißig - und sie lebten in der richtigen Zeit am richtigen Ort.
Keiner hatte &lt;em&gt;studiert&lt;/em&gt;.&lt;/p&gt;

&lt;p&gt;In der Renaissance konnte &lt;a href=&#34;https://de.wikipedia.org/wiki/Antonio_Vivaldi&#34;&gt;Vivaldi&lt;/a&gt; zum bekannten Komponisten werden. &lt;a href=&#34;https://de.wikipedia.org/wiki/Tizian&#34;&gt;Tizian&lt;/a&gt; wurde ein gefragter Maler. Fünfhundert Jahre früher hätten die beiden Männer nichts davon erreicht.
 Und selbst während der Renaissance brachte ihnen ihre Kunst kaum satt zu essen ein.&lt;/p&gt;

&lt;p&gt;Wenn Sie eine Innovationskarriere anstreben: Für die meisten Innovationen erhalten Sie weder Geld noch Anerkennung. Nur Massenmarkt Verkaufserfolge bringen Sie nach oben. Sie müssen also dem typischen Media-Markt oder Kaufland-Kunden noch intensiver einlullen, als es tausend andere Anbieter bereits tun.&lt;/p&gt;

&lt;p&gt;Auch die einfachen Leistungskarrieren sind in der heutigen Zeit extrem schwer geworden. Ärzte, Architekten, freie Rechtsanwälte. Die meisten werden in Großorganisationen verheizt. Egal wie viel sie studiert haben.
Die Karriere als freier Zahnarzt ist noch möglich. Aber selbst der freie Zahnartz muss mit Kostendruck, teuren Geräten, teuren Laboren und unangenehmen Patienten kämpfen.&lt;/p&gt;

&lt;blockquote&gt;
&lt;p&gt;Die deutschen Faschisten gründeten spezielle &lt;a href=&#34;https://de.wikipedia.org/wiki/Nationalpolitische_Erziehungsanstalt&#34;&gt;Eliteschulen&lt;/a&gt;. Viele Kinder quälten sich durch den Drill an diesen Schulen, in der Hoffnung auf den Aufstieg. Ein Historiker erforschte die Karriere dieser Kinder. Von vielen tausend erlangte kein einziger eine höhere Position.&lt;/p&gt;
&lt;/blockquote&gt;

&lt;h2 id=&#34;wettkampf-um-immer-weniger-positionen:7bee4657c50eb80a8dabbc129476bfe0&#34;&gt;Wettkampf um immer weniger Positionen&lt;/h2&gt;

&lt;p&gt;Die Regel ist das Schleimen um existierende Positionen.
Sie müssen lügen und täuschen und sich anbiedern. Sie müssen opportunistisch sein, wie ein Schakal.&lt;/p&gt;

&lt;blockquote&gt;
&lt;p&gt;&lt;a href=&#34;https://de.wikipedia.org/wiki/Wilhelm_Busch&#34;&gt;Wilhelm Busch&lt;/a&gt;, der Erfinder von Max und Moritz, dichtete 1880&lt;/p&gt;
&lt;/blockquote&gt;

&lt;pre&gt;&lt;code&gt;Voll Ehrfurcht hast du dich zu bücken,
Mußt heucheln, schmeicheln, mußt dich fügen;
Denn selbstverständlich nur durch Lügen
Kommst du vom Fleck.
&lt;/code&gt;&lt;/pre&gt;

&lt;p&gt;Sie müssen Status besitzen und Protektion gewinnen. Heute wie vor tausend Jahren.&lt;/p&gt;

&lt;p&gt;Aber wir verdrängen das.
Wir glauben, dass wir diesem Schicksal &amp;ldquo;irgendwie&amp;rdquo; entgehen werden.
Durch ein &amp;ldquo;Auslandspraktikum&amp;rdquo;.
Und dann schinden wir uns ab für einen Aufstieg, der nie kommen kann.&lt;/p&gt;

&lt;p&gt;Mit 45 Jahren stecken wir dann in der selben Knochenmühle, die schon unsere Eltern langsam erschöpft hat.
Und dann versinken wir in der &amp;ldquo;inneren Kündigung&amp;rdquo;.&lt;/p&gt;

&lt;p&gt;Und dann versuchen wir, in die Kindheit zurückzukehren, indem wir mit unseren Kindern Geburtstag feiern. Wir wiederholen also egoistisch oder eher verzweifelt die Inszenierung, die unsere Eltern uns selber vorgespielt haben.&lt;/p&gt;

&lt;h2 id=&#34;was-tun:7bee4657c50eb80a8dabbc129476bfe0&#34;&gt;Was tun?&lt;/h2&gt;

&lt;p&gt;Wenn man nun über die Jugendzeit hinaus ist,
und langsam überall spürbar wird,
dass sich die Hoffnungen nicht erfüllen,
was kann man dann noch tun?&lt;/p&gt;

&lt;p&gt;Wenn alle Vorgaben der Eltern sich als Sackgassen erwiesen haben,
wenn die Eltern nur noch schweigen,
wenn man begreift, dass die Eltern selber hilflos sind,
was kann man dann noch machen?&lt;/p&gt;

&lt;p&gt;Weiter verdrängen?&lt;/p&gt;

&lt;p&gt;Religiös werden?&lt;/p&gt;

&lt;p&gt;An Seelenwanderung glauben?&lt;/p&gt;

&lt;p&gt;Oder den Schmerz und die Enttäuschung überwinden
und erwachsen werden?&lt;/p&gt;

&lt;h1 id=&#34;erwachsen-werden:7bee4657c50eb80a8dabbc129476bfe0&#34;&gt;Erwachsen werden&lt;/h1&gt;

&lt;p&gt;Dieser Welt ins Auge zu blicken erfordert Mut.&lt;/p&gt;

&lt;p&gt;&lt;a href=&#34;http://www.gelingendesleben.de/Neues.Web.2/psychologie.sehnsucht.htm&#34;&gt;Verlust und Sehnsucht&lt;/a&gt; gehören zum Leben.&lt;/p&gt;

&lt;p&gt;Besonders heute, wo die Chancen knapp sind.&lt;/p&gt;

&lt;p&gt;Aber Sie haben nichts zu verlieren.&lt;/p&gt;

&lt;p&gt;Werden Sie erwachsen.&lt;/p&gt;

&lt;p&gt;Der erwachsene Mensch verfügt über&lt;/p&gt;

&lt;ul&gt;
&lt;li&gt;Erfahrung&lt;/li&gt;
&lt;li&gt;Selbstvertrauen&lt;/li&gt;
&lt;li&gt;Emotionale Kraft&lt;/li&gt;
&lt;li&gt;Emotionale Wärme&lt;/li&gt;
&lt;li&gt;Intellektuelle Fähigkeit&lt;/li&gt;
&lt;/ul&gt;

&lt;h2 id=&#34;geben-statt-nehmen:7bee4657c50eb80a8dabbc129476bfe0&#34;&gt;Geben statt Nehmen&lt;/h2&gt;

&lt;p&gt;Sie müssen den Übergang vom Nehmen zum Geben schaffen.
Als väterlicher oder mütterlicher Mensch,
der anderen  emotionale Unterstützung gibt,
können Sie die meisten Verluste des Alters auffangen.&lt;/p&gt;

&lt;h2 id=&#34;elternverantwortung:7bee4657c50eb80a8dabbc129476bfe0&#34;&gt;Elternverantwortung&lt;/h2&gt;

&lt;ul&gt;
&lt;li&gt;Erwachsene Menschen haben enorme Bedeutung als Eltern und Großeltern für Kinder und Freunde.
Wie wir selbst grenzenlos an unseren Eltern und Großeltern hängen - so tun es auch unsere Kinder. Es ist nie zu spät, die Kinder zu unterstützen.&lt;/li&gt;
&lt;/ul&gt;

&lt;p&gt;Hier müssen wir unsere Schwerpunkte setzen.&lt;/p&gt;
</description>
    </item>
    
    <item>
      <title>Kindliche Flucht in die Perfektion</title>
      <link>http://localhost:1313/mnt02/hurt/kindliche-flucht-in-die-perfektion/</link>
      <pubDate>Sat, 18 Jul 2015 13:27:46 +0200</pubDate>
      
      <guid>http://localhost:1313/mnt02/hurt/kindliche-flucht-in-die-perfektion/</guid>
      <description>

&lt;h1 id=&#34;ende-der-kleinkind-zeit:d9cd37e8edbc6dc1c47f2a903ba0a443&#34;&gt;Ende der Kleinkind Zeit&lt;/h1&gt;

&lt;p&gt;Das Kind äußert eigene, kritische Gedanken. Es beobachtet. Es stellt Ansprüche. Mit fünf beginnt es, dünner zu werden.
Sein Gesicht erscheint erwachsener.&lt;/p&gt;

&lt;p&gt;Die scheinbar kritischen Aussagen der Kinder sind oft Nachahmung von Erwachsenen.
Aber das begreifen unsichere Eltern nicht.&lt;/p&gt;

&lt;p&gt;Sie nehmen die großmäuligen Äußerungen des Kindes ernst.
Sie fürchten ja schon vorher, dass das talentierte Kind seine Eltern durchschauen muss.
Sie rechnen damit, dass das Kind seine Eltern am Ende nur verachten kann.&lt;/p&gt;

&lt;blockquote&gt;
&lt;p&gt;Eine Mutter erklärt, sie habe ihr Kind &amp;ldquo;von Anfang an&amp;rdquo; als eigenständige Persönlichkeit behandelt.&lt;/p&gt;

&lt;p&gt;Aber Fünfjährige sind keine eigenständigen Persönlichkeiten.&lt;/p&gt;
&lt;/blockquote&gt;

&lt;p&gt;Nachdem das Kind nun angeblich seine undankbare Natur offenbart hat,
fühlen sich die Eltern betrogen.
Ihre Investition ins spätgeborene Kind - ihre Hoffnung - sie sind fehlgeschlagen.&lt;/p&gt;

&lt;p&gt;Sie schieben das Kind beiseite.
Sie erfinden immer neue Gründe um es abzulehnen.
Das Kind versucht verzweifelt, die scheinbar sachlichen Gründe auszuräumen.&lt;/p&gt;

&lt;p&gt;Das Kind räumt die Wohnung auf.
Das Kind strengt sich in der Schule an.
Das Kind kehrt mit einer verbesserten Version von sich zurück,
und hofft erneut auf Liebe.
Aber es gibt bloß eine andere Ablehnung.&lt;/p&gt;

&lt;p&gt;Was kann es noch tun, um geliebt zu werden?&lt;/p&gt;

&lt;blockquote&gt;
&lt;p&gt;Vor Millionen Zuschauern rief der Multi-Millionär &lt;a href=&#34;https://de.wikipedia.org/wiki/Ted_Turner&#34;&gt;Ted Turner&lt;/a&gt; den lange toten Vater an: &amp;ldquo;Ist das jetzt endlich genug, Vater?&amp;rdquo;&lt;/p&gt;
&lt;/blockquote&gt;

&lt;p&gt;Aber es &lt;em&gt;soll&lt;/em&gt; ja gar nicht genug sein.&lt;/p&gt;

&lt;blockquote&gt;
&lt;p&gt;Der warmherzige &lt;a href=&#34;http://www.amazon.de/Walter-Kohl/e/B004KLPP3C/ref=sr_ntt_srch_lnk_1?qid=1438181825&amp;amp;sr=8-1&#34;&gt;Walter Kohl&lt;/a&gt; zeigte seinem &lt;a href=&#34;https://de.wikipedia.org/wiki/Helmut_Kohl&#34;&gt;Vater&lt;/a&gt; sein erstes Büro. &lt;br&gt;Der Vater sagte: &amp;ldquo;&lt;i&gt;Vize&lt;/i&gt;präsident? Das kann&amp;rsquo;s ja wohl nicht sein&amp;rdquo;, und ging beleidigt hinaus.&lt;/p&gt;

&lt;p&gt;Walter Kohl suchte jahrzehntelang eine Verständigung mit dem Vater. Aber der Vater konstruierte immer einen Grund, um sich beleidigt zu fühlen.&lt;/p&gt;
&lt;/blockquote&gt;

&lt;p&gt;Das Kind entwickelt folgerichtig das Ziel, perfekt sein zu wollen.
Dann werden die Eltern es lieben.&lt;/p&gt;

&lt;blockquote&gt;
&lt;p&gt;Ich selbst fasste diesen Vorsatz mit fünf Jahren. Ich wollte furchtlos und brutal sein. Ich wollte unabhängig sein und ich wollte alles können.&lt;/p&gt;

&lt;p&gt;Meine Freunde sollten ebenfalls Superhelden sein, damit ich mit ihnen eine perfekte Welt aufbauen konnte.
Da die anderen nicht mitspielten, wurde ich zornig mit ihnen.&lt;/p&gt;

&lt;p&gt;Ich konnte nie nachlassen, denn ohne die Rückeroberung der Mutter war ich verloren. Ein Sohn der nicht mal der eigenen Mutter gefallen kann - der kann nie eine andere Frau gewinnen - der kann sich gleich erschießen.&lt;/p&gt;
&lt;/blockquote&gt;

&lt;h2 id=&#34;unerfüllbare-anforderungen-in-franz-kafkas-das-schloß-http-www-amazon-de-das-schlo-c3-9f-franz-kafka-dp-3866471068:d9cd37e8edbc6dc1c47f2a903ba0a443&#34;&gt;Unerfüllbare Anforderungen in Franz Kafkas &lt;a href=&#34;http://www.amazon.de/Das-Schlo%C3%9F-Franz-Kafka/dp/3866471068&#34;&gt;Das Schloß&lt;/a&gt;&lt;/h2&gt;

&lt;p&gt;Die ständige Suche nach dem Weg zum Schloß - die Beobachtung seiner Beamten - und die Recherchen über die Ansprüche, die das Schloß stellt - all das erinnert mich an meinen vergeblichen Kampf, ein paar liebevolle Worte meiner Eltern zu erlangen.&lt;/p&gt;

&lt;p&gt;Egal was man erreicht - es werden neue Hindernisse aufgebaut. Egal was man unternimmt, um zu gefallen - es ist stets das Falsche. Hat man eine Eigenschaft der Eltern erkannt, ändern diese ihr Verhalten.&lt;/p&gt;

&lt;p&gt;Bei näherer Untersuchung erweisen sich die Eltern als selbstsüchtig und inkompetent, genau wie die Menschen vom Schloss.&lt;/p&gt;

&lt;p&gt;Dennoch wollen wir um jeden Preis dorthin gelangen.
Für das &amp;ldquo;Schloß&amp;rdquo; verraten wir jene Menschen, die uns wirklich lieben.&lt;/p&gt;

&lt;h1 id=&#34;das-kind-vergöttert-die-eltern-ohnehin:d9cd37e8edbc6dc1c47f2a903ba0a443&#34;&gt;Das Kind vergöttert die Eltern ohnehin&lt;/h1&gt;

&lt;p&gt;Unabhängig von den Inszenierungen der Eltern: Das Kind verherrlicht die Eltern &lt;a href=&#34;http://localhost:1313/mnt02/hurt/kinderliebe--elternliebe&#34;&gt;von Natur aus&lt;/a&gt;.&lt;/p&gt;

&lt;p&gt;Das Kind verdrängt alle imperfekten Seiten der Eltern - selbst wenn das schwierig ist.
Für das Kind sollen die Eltern Götter sein und bleiben.&lt;/p&gt;

&lt;h1 id=&#34;perfektion-bei-den-eltern-als-vorbild:d9cd37e8edbc6dc1c47f2a903ba0a443&#34;&gt;Perfektion bei den Eltern als Vorbild&lt;/h1&gt;

&lt;p&gt;Die Perfektion wird gefördert, indem die Eltern sich unnahbar verhalten.
Die Eltern &lt;em&gt;erscheinen&lt;/em&gt; dem Kind perfekt.&lt;/p&gt;

&lt;p&gt;Kinder halten sowieso alles für normal, was sie in ihrer Familie erleben. Sie sind also leichte Opfer. Die Internet-Autorin Teal Swan hat dies in einem &lt;a href=&#34;https://www.youtube.com/watch?v=qKh5sRFHnw8&amp;amp;list=PLR69HpfZs_40v6PVfcvIl-7egw2dGrAlS&amp;amp;index=38&#34;&gt;Interview (englisch)&lt;/a&gt; beschrieben.&lt;/p&gt;

&lt;p&gt;Die Eltern lassen das Kind gezielt an ihre Perfektion und Allmacht glauben - und so erliegen die Kinder der Vorstellung selber perfekt sein zu müssen.&lt;/p&gt;

&lt;blockquote&gt;
&lt;p&gt;Ein Alkoholiker ließ seinen Selbsthass lebenslänglich an seiner Tochter aus. Er stellte sich ihr gegenüber als verfolgter Kämpfer gegen Ungerechtigkeit dar. Die Tochter wurde selbst eine tapfere Aktivistin in der Gewerkschaft, in der ihr Vater ein kleiner Funktionär gewesen war. Niemals durchschaute sie, dass ihr Vater kein Rebell sondern ein selbstsüchtiger Junkie war.&lt;/p&gt;
&lt;/blockquote&gt;

&lt;p&gt;Folgende Methoden setzen die Eltern ein, damit das Kind sie nicht kritisch sehen soll:&lt;/p&gt;

&lt;h2 id=&#34;leugnen-totschweigen-und-so-tun-als-ob:d9cd37e8edbc6dc1c47f2a903ba0a443&#34;&gt;Leugnen, totschweigen und so-tun-als-ob&lt;/h2&gt;

&lt;p&gt;Niemals zeigen sie sich vor dem Kind erkennbar traurig oder unsicher oder bedürftig. Immer nur indirekt durch Vorwürfe, die ihre Bedürftigkeit verschleiern.&lt;/p&gt;

&lt;p&gt;Jahrzehntelang tragen sie den Gesichtsausdruck &amp;ldquo;Gekränkte Leberwurst&amp;rdquo; mit sich herum.
Bei ihren heimlichen Vergnügungen können sie ganz anders sein.
Aber von diesen Bereichen werden die Kinder ausgeschlossen.&lt;/p&gt;

&lt;h2 id=&#34;festtage:d9cd37e8edbc6dc1c47f2a903ba0a443&#34;&gt;Festtage&lt;/h2&gt;

&lt;p&gt;Unsichere Eltern machen sich eine Menge Arbeit, um scheinbar unschuldige Kinderparadies-Welten zu inszenieren.&lt;/p&gt;

&lt;blockquote&gt;
&lt;p&gt;Meine Mutter veranstaltete für mich prachtvolle Weihnachtsabende. Mit Düften, Kerzen, Tannenzweigen, Gewürzen, Musik, Essen und Geschenken.
Noch dreißig Jahre später sehnte ich mich nach diesen Weihnachts-Inszenierungen.&lt;/p&gt;

&lt;p&gt;Die Inszenierungen dienten nur dazu, mich zu verführen und abhängig zu machen. Sonst hätte meine Mutter mich wenigstens einmal von sich aus umarmt.&lt;/p&gt;

&lt;p&gt;&lt;br&gt;&lt;/p&gt;

&lt;p&gt;Der emotional zerstörte &lt;a href=&#34;https://de.wikipedia.org/wiki/Neverland-Ranch&#34;&gt;Michael Jackson hat auf seiner Ranch&lt;/a&gt; eine wunderschöne Kinderwelt aufgebaut. Wohl nicht zuletzt um damit Kinder zu entzücken.
Eine solche Pracht wirkt besonders auf Kinder, die ansonsten in einer lieblosen, grauen Welt aufwachsen.&lt;/p&gt;
&lt;/blockquote&gt;

&lt;h2 id=&#34;wandervogel-und-pfadfinder-urlaube:d9cd37e8edbc6dc1c47f2a903ba0a443&#34;&gt;Wandervogel und Pfadfinder-Urlaube&lt;/h2&gt;

&lt;p&gt;Ich kenne zwei Töchter, die von ihren Müttern lebenslang abgelehnt wurden. Aber die Mütter kratzten das Geld zusammen und schickten die Töchter ins Pfadfinderlager und zum Wandervogel-Verein.&lt;/p&gt;

&lt;h2 id=&#34;sportveranstaltungen-und-wochenendgarten:d9cd37e8edbc6dc1c47f2a903ba0a443&#34;&gt;Sportveranstaltungen und Wochenendgarten&lt;/h2&gt;

&lt;p&gt;Viele ungeliebte Kinder haben golden gefärbte Erinerungen an die wenigen Anlässe, bei denen sie mit den Eltern gemeinsam im Garten waren. Oder daran, wie der Vater mit ihnen Angeln war.
Sie glauben, dass sich hier die verborgende Liebe der Eltern zeigte, und sie wollen diese Erfahrungen weitergeben.&lt;/p&gt;

&lt;p&gt;Ich möchte hierzu anmerken: Wenn Menschen zusammenleben, sollte sich Zuneigung wenigstens ein Mal pro Tag in allen möglichen Formen äußern. Wenn sich Zuneigung nur beim Geräteturnen zeigt, dann muss eine beträchtliche Störung der Eltern vorliegen.&lt;/p&gt;

&lt;h2 id=&#34;essen-gehen:d9cd37e8edbc6dc1c47f2a903ba0a443&#34;&gt;Essen gehen&lt;/h2&gt;

&lt;p&gt;Die Leser haben sich bestimmt schon ein Mal gefragt, wozu diese Festessen dienen, bei denen keinerlei emotionales Gespräch stattfindet, die aber dennoch sklavisch geplant und durchgedrückt werden.&lt;/p&gt;

&lt;p&gt;Die Festessen dienen dazu, die Bedeutung der Eltern zu zementieren. Sie dienen dazu, die Kinder weiterhin in Abhängigkeit an sich zu binden.&lt;/p&gt;

&lt;p&gt;Andernfalls würden die Eltern nämlich fragen: &amp;ldquo;Kind, wie geht es Dir?&amp;rdquo;
Diese einfache Frage werden Sie auf inszenierten Familienfesten niemals hören.&lt;/p&gt;
</description>
    </item>
    
    <item>
      <title>Stufenverwechslung</title>
      <link>http://localhost:1313/mnt02/hurt/stufenverwechslung/</link>
      <pubDate>Sat, 18 Jul 2015 13:27:46 +0200</pubDate>
      
      <guid>http://localhost:1313/mnt02/hurt/stufenverwechslung/</guid>
      <description>&lt;p&gt;Wenn Sie über 40 sind, empfinden jüngere Menschen Sie als erwachsen.&lt;/p&gt;

&lt;p&gt;Wenn Sie mit 40 noch elterliche Wärme suchen, produzieren Sie Mißverständnisse und Ablehnung.&lt;/p&gt;

&lt;p&gt;Unbewusst wird jetzt Ihnen die Position der Eltern zugeschrieben.&lt;/p&gt;

&lt;p&gt;Sie dürfen streng und gelegentlich großzügig sein.
Aber nicht mehr unsicher oder bedürftig.&lt;/p&gt;

&lt;blockquote&gt;
&lt;p&gt;Gestern war ich auf einem beruflichen Austausch. Die meisten Teilnehmer waren um die 30&amp;nbsp;Jahre alt. Ich war enttäuscht, dass die Kollegen Furcht hatten, mit mir zu sprechen.&lt;/p&gt;

&lt;p&gt;Die Kollegen wünschen, dass sich jemand für sie interessiert.
Sie wünschen es sogar speziell von mir - dem starken, strengen, väterlichen Typ.
Zugleich wecke ich frühere Ängste und Enttäuschungen in ihnen.
Ich darf ihr Verhalten also nicht übelnehmen, sondern muss doppelt gütig bleiben.&lt;/p&gt;
&lt;/blockquote&gt;
</description>
    </item>
    
    <item>
      <title>Verwöhnung - Anspruchsdenken - Abhängigkeit</title>
      <link>http://localhost:1313/mnt02/verwoehnung-ueberheblichkeit-abhaengigkeit</link>
      <pubDate>Sat, 18 Jul 2015 13:27:46 +0200</pubDate>
      
      <guid>http://localhost:1313/mnt02/verwoehnung-ueberheblichkeit-abhaengigkeit</guid>
      <description>

&lt;h1 id=&#34;verwöhnung:75d59a3ef9757b15ebe45659289f1bf3&#34;&gt;Verwöhnung&lt;/h1&gt;

&lt;p&gt;Warum verwöhnen unsichere Eltern ihre Kinder?&lt;/p&gt;

&lt;p&gt;Aus Liebe?&lt;/p&gt;

&lt;p&gt;Unsichere Eltern wollen in ihre eigene Verwöhnung und Kindheit zurückkehren. Die Verhätschelung der Kinder hat immer etwas Verzweifeltes.&lt;/p&gt;

&lt;p&gt;Dies lässt sich einfach beweisen mit dem Rückzug vor dem älteren Kind. Spätestens mit elf wird das Kind nur noch aus der Ferne verwöhnt und abhängig gehalten.
Echte Verbundenheit? Oder wenigstens Vorbereitung auf die harte Wirklichkeit? Nur Schweigen.&lt;/p&gt;

&lt;p&gt;Die Kinder erhalten indirekt eine Anleitung für ein Leben in Angst und Verdrängung.
Die Kinder haben kein Vorbild, wie man sich im Leben durchsetzt, wie man Karriere macht, einen Partner findet. Sie erwarten, dass sich die behütete Existenz auf höherer Ebene fortsetzt. Wenn es anders wäre, würden die Eltern es ihnen doch sagen.&lt;/p&gt;

&lt;p&gt;Die unsicheren Eltern wünschen sich, dass das Kind bei ihnen bleibt. Mehr haben sie nicht anzubieten. Wenn es gut läuft, sagen sie dem Kind wenigstens: &amp;ldquo;So, unsere Aufgabe ist jetzt erfüllt. Du musst selber zusehen wie Du klarkommst.&amp;rdquo;
Im guten Fall verfolgen die Eltern wieder ihre eigenen egoistischen Ziele, so dass das Kind wenigstens in die Welt hinausgeworfen wird, und lernt zurecht zu kommen. Schmerzhaft, aber immer noch besser als weiter in Abhängigkeit gehalten zu werden.&lt;/p&gt;

&lt;h2 id=&#34;jugendliche-traumwelten:75d59a3ef9757b15ebe45659289f1bf3&#34;&gt;Jugendliche Traumwelten&lt;/h2&gt;

&lt;p&gt;Verwöhnte Kinder flüchten sich ins Studieren. Und in träumerische Karrierehoffnungen. Bis zum Alter von 30 genießen sie in den Unternehmen und Institutionen noch einen Sonderstatus als gern gesehene Wilde. Zwischen 30 und 40 verheizen sie sich in aussichtslosen Knochenmühlen. Dabei verdrängen sie immer noch die Wirklichkeit. Sie lassen sich gern und leicht von ihren Vorgesetzten täuschen und ausnutzen.&lt;/p&gt;

&lt;h2 id=&#34;anspruchsdenken:75d59a3ef9757b15ebe45659289f1bf3&#34;&gt;Anspruchsdenken&lt;/h2&gt;

&lt;blockquote&gt;
&lt;p&gt;&amp;ldquo;Ich brauche nicht auf&amp;rsquo;s Kartoffelfeld. Das wird für mich gemacht&amp;rdquo;, sagte der elfjährige Friedrich.
Er blieb lebenslang ein hilfloser Mensch.
Die verwöhnenden Großeltern starben. Die Mutter verhätschelte ihn weiter - dann übernahm die Tante die Pflege des 21-jährigen. Immerhin fand er Arbeit. Er heiratete Frauen, die ihn hilflos hielten und die sein Geld nahmen.&lt;/p&gt;

&lt;p&gt;Ab 35 fand er keine Bemutterung mehr. Die Ehefrauen verlangten mehr Einsatz.
Auf der Arbeit hatte man seine Bedürftigkeit satt. Die Kinder wollten sich seine Klagen nicht anhören.
Friedrich wurde schwermütig. Die Welt war herzlos und ungerecht. Niemand liebte und bewunderte ihn.
Es folgte eine endlose Kette von Niederlagen: &lt;br&gt;
Alkoholismus.  Traurigkeit. Beruflicher Abstieg. Teure sexuelle Ausbruchsversuche. Schwermütige Romane, die sein Gefühl von der Welt bestätigten. Dazwischen sinnlose Ausdauersport-Exzesse, die mit Verletzungen endeten.&lt;/p&gt;
&lt;/blockquote&gt;

&lt;p&gt;War das vielleicht das Ziel seiner Mutter und seiner Großeltern, als sie ihn auf Händen trugen?
Gab es künsterlische oder sportliche Talente, auf die man sich konzentrierte?&lt;/p&gt;

&lt;p&gt;Oder war es unbeherrschbare Liebe zum Kind?&lt;/p&gt;

&lt;p&gt;Nein.&lt;/p&gt;

&lt;p&gt;Großeltern, Mutter und Tante von Friedrich verhätschelten ihn nur solange es ihnen selber nutzte. Danach ließen sie ihn fallen.&lt;/p&gt;

&lt;blockquote&gt;
&lt;p&gt;Friedrichs Sohn wollte niemals hilflos sein. Er kämpfte - und erarbeitete sich viele Fähigkeiten.
Aber den Virus des Anspruchsdenkens hatte er übernommen. &amp;ldquo;Muss ich mich dermaßen verzweifelt und skrupellos für eine Karriere ins Zeug legen?&amp;rdquo;, fragte er sich mit 25 Jahren. Seine Antwort lautete: &amp;ldquo;Das habe ich nicht nötig.&amp;rdquo;&lt;/p&gt;
&lt;/blockquote&gt;
</description>
    </item>
    
    <item>
      <title>Verführt und zurückgestoßen</title>
      <link>http://localhost:1313/mnt02/verfuehrt-zurueckgestossen</link>
      <pubDate>Sat, 18 Jul 2015 13:27:46 +0200</pubDate>
      
      <guid>http://localhost:1313/mnt02/verfuehrt-zurueckgestossen</guid>
      <description>&lt;p&gt;Die Widersprüchlichkeit von unsicheren, bedürftigen Eltern äußert sich vierfach:&lt;/p&gt;

&lt;ul&gt;
&lt;li&gt;&lt;p&gt;Verschleierte Verherrlichung des talentierten Kindes als Traumpartner oder jugendliches &lt;a href=&#34;https://de.wikipedia.org/wiki/Alter_Ego&#34;&gt;Alter Ego&lt;/a&gt;.&lt;/p&gt;&lt;/li&gt;

&lt;li&gt;&lt;p&gt;Beleidigtes Verhalten, um Bemutterung vom Kind zu erlangen.&lt;/p&gt;&lt;/li&gt;

&lt;li&gt;&lt;p&gt;Wenn die Bemutterung erfolgt, Anfälle von Verlustangst, und Zurückstoßen des Kindes.&lt;/p&gt;&lt;/li&gt;

&lt;li&gt;&lt;p&gt;Für diese genannten Verletzungen werden ständig wechselnde, immer falsche Gründe gegeben.&lt;/p&gt;&lt;/li&gt;
&lt;/ul&gt;

&lt;p&gt;Die Kinder verbleiben lebenslang in einem verunsicherten Zwischenzustand - voller Anziehung - voller Ablehnung. Mit einem ähnlichen, nicht ganz so schlimmem Liebespartner versuchen sie, die Verletzung aufzuarbeiten.&lt;/p&gt;

&lt;p&gt;Das Kind wird in eine emotional ausweglose Situation gebracht.&lt;/p&gt;

&lt;ul&gt;
&lt;li&gt;&lt;p&gt;Seine kindlichen Bedürfnisse nach Liebe durch die Eltern werden enttäuscht.&lt;/p&gt;&lt;/li&gt;

&lt;li&gt;&lt;p&gt;Das Kind erhält Unterstützung in dem Glauben, dass es großartig wäre.
Ich werde angehimmelt - aber wenn ich mir Liebe wünsche - werde ich abgelehnt.&lt;/p&gt;&lt;/li&gt;

&lt;li&gt;&lt;p&gt;Wenn ich mich zurückziehe, werden die Eltern noch bitterer.&lt;/p&gt;&lt;/li&gt;

&lt;li&gt;&lt;p&gt;Wenn ich mich annähere, werden die Eltern auch bitter.&lt;/p&gt;&lt;/li&gt;

&lt;li&gt;&lt;p&gt;Zwischendurch wollen sie mich ganz loswerden.
Dann inszenieren sie wieder einen Anlaß, bei dem ich zurückkommen soll.
Wenn ich zurückkomme und ihnen meine Liebe zeige, bekommen sie wieder Angst.&lt;/p&gt;&lt;/li&gt;

&lt;li&gt;&lt;p&gt;usw. bis in alle Ewigkeit&lt;/p&gt;&lt;/li&gt;
&lt;/ul&gt;
</description>
    </item>
    
    <item>
      <title>Aufblühen der Geheimdienste</title>
      <link>http://localhost:1313/mnt02/aufbluehen-der-geheimdienste</link>
      <pubDate>Sat, 18 Jul 2015 13:27:46 +0200</pubDate>
      
      <guid>http://localhost:1313/mnt02/aufbluehen-der-geheimdienste</guid>
      <description></description>
    </item>
    
  </channel>
</rss>